,shop_name,language,year,brand,modell,condition,category_shop,stock_status,stock_text,stock_sizes,url-detail,price,rrp
0,boc-store,de,,GHOST,"GHOST RIOT EN ESSENTIAL 29, 29 ZOLL, ALU, SRAM GX EAGLE, 12-G SHARK BLUE/BLACK - MATT",new,mountainbikes,1,Lieferzeit 5-9 Werktage,"44 CM
49 CM",https://boc24.de/collections/mountainbikes/products/ghost-riot-en-essential-1,"2.799,00",
1,boc-store,de,,RAYMON,"RAYMON HARDRAY NINE 4.0, 29 ZOLL, ALU, SHIMANO DEORE, 20-G SPACEBLUE/BLACK MATT",new,mountainbikes,1,Lieferzeit 5-9 Werktage,48 CM,https://boc24.de/collections/mountainbikes/products/raymon-hardray-nine-4-0,"879,00",
2,boc-store,de,,GHOST,"GHOST RIOT TRAIL FULL PARTY, 29 ZOLL, ALU, SHIMANO XT, 12-GANG SILVER/PURPLE",new,mountainbikes,1,Lieferzeit 5-9 Werktage,"44 CM
47 CM
49 CM",https://boc24.de/collections/mountainbikes/products/ghost-riot-trail-full-party,"3.299,99","3.699,00"
3,boc-store,de,,GHOST,"GHOST KATO FS ESSENTIAL 29, 29 ZOLL, ALU, SRAM GX EAGLE, 12-G BLACK/GREEN BAY METALLIC - MAT",new,mountainbikes,1,Lieferzeit 5-9 Werktage,"42 CM
44 CM
47 CM",https://boc24.de/collections/mountainbikes/products/ghost-kato-fs-essential-29,"1.699,00",
4,boc-store,de,,GHOST,"GHOST LECTOR UNIVERSAL, 29 ZOLL, CARBON, X01 EAGLE, 12-GANG OLIVE",new,mountainbikes,1,Lieferzeit 5-9 Werktage,"44 CM
49 CM",https://boc24.de/collections/mountainbikes/products/ghost-lector-universal,"2.499,99","2.999,00"
5,boc-store,de,,CUBE,"CUBE AIM 29, 29 ZOLL, ALU, SHIMANO TOURNEY, 16-G BLACK'N'BLUE",new,mountainbikes,1,Lieferzeit 5-9 Werktage,"46 CM
51 CM
56 CM",https://boc24.de/collections/mountainbikes/products/cube-aim-30,"599,00",
6,boc-store,de,,CUBE,"CUBE AIM 29, 29 ZOLL, ALU, SHIMANO TOURNEY, 16-G MISTYGREEN'N'BLACK",new,mountainbikes,1,Lieferzeit 5-9 Werktage,"46 CM
51 CM
56 CM",https://boc24.de/collections/mountainbikes/products/cube-aim-30,"599,00",
7,boc-store,de,,CANNONDALE,"CANNONDALE SCALPEL CRB SE 2, 29 ZOLL, CARBON, SHIMANO XT, 12-G MANGO",new,mountainbikes,1,Lieferzeit 5-7 Werktage,"44 CM
48 CM",https://boc24.de/collections/mountainbikes/products/cannondale-scalpel-crb-se-2,"4.899,00",
8,boc-store,de,,GHOST,"GHOST KATO FS 29, 29 ZOLL, ALU, SRAM SX EAGLE, 12-G LIGHT GREY PEARL/RIOT RED - MA",new,mountainbikes,1,Lieferzeit 5-9 Werktage,"42 CM
44 CM
47 CM",https://boc24.de/collections/mountainbikes/products/ghost-kato-fs-29,"1.399,00",
9,boc-store,de,,GHOST,"GHOST LECTOR SF LC ESSENTIAL, 29 ZOLL, CARBON, SHIMANO SLX, 12-G RAW CARBON/BLUE - MATT/GLOSSY",new,mountainbikes,1,Lieferzeit 5-9 Werktage,"44 CM
47 CM
49 CM",https://boc24.de/collections/mountainbikes/products/ghost-lector-sf-lc-essential-1,"2.699,99","2.999,00"
10,boc-store,de,,GHOST,"GHOST LECTOR SF LC, 29 ZOLL, CARBON, SRAM SX , 12-G LIGHT GREY/BLACK - GLOSSY/MATT",new,mountainbikes,1,Lieferzeit 5-9 Werktage,"44 CM
47 CM
49 CM",https://boc24.de/collections/mountainbikes/products/ghost-lector-sf-lc,"2.399,99","2.699,00"
11,boc-store,de,,CUBE,"CUBE AIM SLX 29, 29 ZOLL, ALU, SHIMANO ALIVIO, 18-G GRAPHITE'N'METAL",new,mountainbikes,1,Lieferzeit 5-9 Werktage,"46 CM
51 CM
56 CM
61 CM",https://boc24.de/collections/mountainbikes/products/cube-aim-slx-29,"799,00",
12,boc-store,de,,CUBE,"CUBE AIM SLX 29, 29 ZOLL, ALU, SHIMANO ALIVIO, 18-G WHITE'N'BLUE'N'RED",new,mountainbikes,1,Lieferzeit 5-9 Werktage,"46 CM
51 CM
56 CM
61 CM",https://boc24.de/collections/mountainbikes/products/cube-aim-slx-29,"799,00",
13,boc-store,de,,CUBE,"CUBE AIM ALLROAD 27,5, 27,5 ZOLL, ALU, SHIM. TOURNEY, 16-G BRICKRED'N'BLACK",new,mountainbikes,1,Lieferzeit 5-9 Werktage,"36 CM
41 CM",https://boc24.de/collections/mountainbikes/products/cube-aim-allroad-27-6,"699,00",
14,boc-store,de,,CUBE,"CUBE AIM ALLROAD 27,5, 27,5 ZOLL, ALU, SHIM. TOURNEY, 16-G NAVYBLACK'N'BLUE",new,mountainbikes,1,Lieferzeit 5-9 Werktage,"36 CM
41 CM",https://boc24.de/collections/mountainbikes/products/cube-aim-allroad-27-6,"699,00",
15,boc-store,de,,GHOST,"GHOST LANAO ESSENTIAL 27,5, 27,5 ZOLL, ALU, SHIMANO ACERA, 24-G PEARL WHITE/GREEN BAY METALLIC",new,mountainbikes,1,Lieferzeit 5-9 Werktage,"36 CM
40 CM
44 CM",https://boc24.de/collections/mountainbikes/products/ghost-lanao-essential-27-5,"699,00",
16,boc-store,de,,CUBE,"CUBE ELITE C:62 ONE, 29 ZOLL, CRB., SRAM GX , 12-G PETROL'N'CARBON",new,mountainbikes,1,Lieferzeit 5-9 Werktage,47 CM,https://boc24.de/collections/mountainbikes/products/cube-elite-c-62-one,"2.799,00",
17,boc-store,de,,CUBE,"CUBE STEREO 140 HPC RACE 27.5, 27,5 ZOLL, CARBON, SHIMANO XT, 12-G GREY'N'ORANGE",new,mountainbikes,1,Lieferzeit 5-9 Werktage,37 CM,https://boc24.de/collections/mountainbikes/products/cube-stereo-140-hpc-race-27-5,"2.699,00",
18,boc-store,de,,CANNONDALE,"CANNONDALE TRAIL SL 3, 29 ZOLL, ALU, SHIMANO DEORE, 12-G BLACK PEARL",new,mountainbikes,1,Lieferzeit 5-9 Werktage,"44 CM
47 CM
52 CM",https://boc24.de/collections/mountainbikes/products/cannondale-trail-sl-3,"1.399,00",
19,boc-store,de,,BERGAMONT,"BERGAMONT REVOX 8 29, 29 ZOLL, ALU, DEORE XT, 12-GANG BLACK (MATT)",new,mountainbikes,1,Lieferzeit 5-9 Werktage,"41 CM
45 CM
49 CM
53 CM",https://boc24.de/collections/mountainbikes/products/bergamont-revox-8-29,"1.399,00",
20,boc-store,de,,GHOST,"GHOST RIOT TRAIL 29, 29 ZOLL, ALU, SHIMANO XT, 12-G SPICY TEAM GREEN/BLACK - MATT",new,mountainbikes,1,Lieferzeit 5-9 Werktage,"44 CM
47 CM
49 CM",https://boc24.de/collections/mountainbikes/products/ghost-riot-trail-1,"2.299,00",
21,boc-store,de,,CUBE,"CUBE AIM RACE 27,5, 27,5 ZOLL, ALU, SHIMANO ACERA, 16-G SILVER'N'ORANGE",new,mountainbikes,1,Lieferzeit 5-9 Werktage,37 CM,https://boc24.de/collections/mountainbikes/products/cube-aim-race-27-5,"519,99","649,00"
22,boc-store,de,,CANNONDALE,"CANNONDALE TRAIL 8 27,5, 27,5 ZOLL, ALU, SHIMA.TOURNEY, 16-G GREY",new,mountainbikes,1,Lieferzeit 5-7 Werktage,"35 CM
40 CM",https://boc24.de/collections/mountainbikes/products/cannondale-trail-8-27-6,"499,99","699,00"
23,boc-store,de,,GHOST,"GHOST KATO FS 27,5, 27,5 ZOLL, ALU, SRAM SX EAGLE, 12-G LIGHT GREY PEARL/RIOT RED - MA",new,mountainbikes,1,Lieferzeit 5-9 Werktage,40 CM,https://boc24.de/collections/mountainbikes/products/ghost-kato-fs-27-5,"1.399,00",
24,boc-store,de,,BERGAMONT,"BERGAMONT REVOX 5 29, 29 ZOLL, ALU, SHIMANO DEORE, 20-G MIDNIGHT BLUE/CYAN/SILVER (SHI",new,mountainbikes,1,Lieferzeit 5-9 Werktage,44 CM,https://boc24.de/collections/mountainbikes/products/bergamont-revox-5-29,"699,99","799,00"
25,boc-store,de,,CUBE,"CUBE AIM ALLROAD 29, 29 ZOLL, ALU, SHIMANO TOURNEY, 16-G BRICKRED'N'BLACK",new,mountainbikes,1,Lieferzeit 5-9 Werktage,"46 CM
51 CM
56 CM",https://boc24.de/collections/mountainbikes/products/cube-aim-allroad-31,"699,00",
26,boc-store,de,,CUBE,"CUBE AIM ALLROAD 29, 29 ZOLL, ALU, SHIMANO TOURNEY, 16-G NAVYBLACK'N'BLUE",new,mountainbikes,1,Lieferzeit 5-9 Werktage,"46 CM
51 CM
56 CM",https://boc24.de/collections/mountainbikes/products/cube-aim-allroad-31,"699,00",
27,boc-store,de,,CUBE,"CUBE STEREO 120 RACE BLACK 29, 29 ZOLL, ALU, SHIMANO XT, 12-G BLACK ANODIZED",new,mountainbikes,1,Lieferzeit 5-9 Werktage,42 CM,https://boc24.de/collections/mountainbikes/products/cube-stereo-120-race-black-29,"2.199,00",
28,boc-store,de,,BERGAMONT,"BERGAMONT REVOX 3 FMN 27,5, 27,5 ZOLL, ALU, TOURNEY, 24-GANG FLAKY BLUE (MATT)",new,mountainbikes,1,Lieferzeit 5-9 Werktage,"36 CM
41 CM
45 CM",https://boc24.de/collections/mountainbikes/products/bergamont-revox-3-fmn-27-5,"599,99","699,00"
29,boc-store,de,,CUBE,"CUBE REACTION C:62 RACE, 29 ZOLL, CARBON, SHIMANO XT, 12-G FLASHGREY'N'RED",new,mountainbikes,1,Lieferzeit 5-9 Werktage,47 CM,https://boc24.de/collections/mountainbikes/products/cube-reaction-c-62-race,"2.199,00",
30,boc-store,de,,GHOST,"GHOST KATO ADVANCED 29, 29 ZOLL, ALU, SHIMANO DEORE, 20-G BLACK/MONARCH ORANGE - MATT",new,mountainbikes,1,Lieferzeit 5-9 Werktage,"40 CM
44 CM
48 CM
52 CM",https://boc24.de/collections/mountainbikes/products/ghost-kato-advanced-30,"899,00",
31,boc-store,de,,GHOST,"GHOST KATO ADVANCED 29, 29 ZOLL, ALU, SHIMANO DEORE, 20-G LIGHT GREY/DARK ORANGE",new,mountainbikes,1,Lieferzeit 5-9 Werktage,"40 CM
44 CM
48 CM
52 CM",https://boc24.de/collections/mountainbikes/products/ghost-kato-advanced-30,"899,00",
32,boc-store,de,,GHOST,"GHOST LECTOR ESSENTIAL, 29 ZOLL, CARBON, SHIMANO SLX, 12-G BLUE",new,mountainbikes,1,Lieferzeit 5-9 Werktage,"42 CM
49 CM",https://boc24.de/collections/mountainbikes/products/ghost-lector-essential,"1.999,99","2.399,00"
33,boc-store,de,,CUBE,"CUBE ACCESS WS ALLROAD 29, 29 ZOLL, ALU, SHIMANO TOURNEY, 16-G AIRYMINT'N'BLACK",new,mountainbikes,1,Lieferzeit 5-9 Werktage,"42 CM
47 CM",https://boc24.de/collections/mountainbikes/products/cube-access-ws-allroad-29,"649,00",
34,boc-store,de,,BERGAMONT,"BERGAMONT REVOX 3 27,5, 27,5 ZOLL, ALU, TOURNEY, 24-GANG CARIBBEAN BLUE (SHINY)",new,mountainbikes,1,Lieferzeit 5-9 Werktage,"36 CM
41 CM
45 CM",https://boc24.de/collections/mountainbikes/products/bergamont-revox-3-27-6,"599,99","699,00"
35,boc-store,de,,BERGAMONT,"BERGAMONT REVOX 3 27,5, 27,5 ZOLL, ALU, TOURNEY, 24-GANG OLIVE BLACK (MATT)",new,mountainbikes,1,Lieferzeit 5-9 Werktage,"36 CM
41 CM
45 CM",https://boc24.de/collections/mountainbikes/products/bergamont-revox-3-27-6,"599,99","699,00"
36,boc-store,de,,CUBE,"CUBE ACID 29, 29 ZOLL, ALU, SRAM NX EAGLE, 12-G FROSTWHITE'N'BLACK",new,mountainbikes,1,Lieferzeit 5-9 Werktage,"47 CM
51,5 CM",https://boc24.de/collections/mountainbikes/products/cube-acid-29,"1.099,00",
37,boc-store,de,,CUBE,"CUBE ACID 29, 29 ZOLL, ALU, SRAM NX EAGLE, 12-G GREY'N'PEARLGREY",new,mountainbikes,1,Lieferzeit 5-9 Werktage,"47 CM
51,5 CM",https://boc24.de/collections/mountainbikes/products/cube-acid-29,"1.099,00",
38,boc-store,de,,GHOST,"GHOST KATO BASE 29, 29 ZOLL, ALU, SHIMANO TOURNEY, 21-G BLACK/SILVER/RED",new,mountainbikes,1,Lieferzeit 5-9 Werktage,"44 CM
48 CM
52 CM",https://boc24.de/collections/mountainbikes/products/ghost-kato-base-29,"499,00",
39,boc-store,de,,GHOST,"GHOST KATO BASE 29, 29 ZOLL, ALU, SHIMANO TOURNEY, 21-G GREEN/GREY/TAN",new,mountainbikes,1,Lieferzeit 5-9 Werktage,"44 CM
48 CM
52 CM",https://boc24.de/collections/mountainbikes/products/ghost-kato-base-29,"499,00",
40,boc-store,de,,BERGAMONT,"BERGAMONT REVOX 4 FMN 29, 29 ZOLL, ALU, SHIMANO ALTUS, 18-G MIRROR RED (SHINY)",new,mountainbikes,1,Lieferzeit 5-9 Werktage,"45 CM
49 CM",https://boc24.de/collections/mountainbikes/products/bergamont-revox-4-fmn-29,"649,99","749,00"
41,boc-store,de,,GHOST,"GHOST KATO STREET LE 27,5, 27,5 ZOLL, ALU, BLACK/RED/WHITE",new,mountainbikes,1,Lieferzeit 5-9 Werktage,"XS
S
M",https://boc24.de/collections/mountainbikes/products/ghost-kato-street-le-27-5,"599,99","699,99"
42,boc-store,de,,CUBE,"CUBE AIM SL ALLROAD 27,5, 27,5 ZOLL, ALU, SHIM. ALIVIO, 18-G GREY'N'BLACK",new,mountainbikes,1,Lieferzeit 5-9 Werktage,37 CM,https://boc24.de/collections/mountainbikes/products/cube-aim-sl-allroad-27-5,"849,00",
43,boc-store,de,,CUBE,"CUBE AIM 27,5, 27,5 ZOLL, ALU, SHIM. TOURNEY, 16-G BLACK'N'BLUE",new,mountainbikes,1,Lieferzeit 5-9 Werktage,41 CM,https://boc24.de/collections/mountainbikes/products/cube-aim-27-6,"599,00",
44,boc-store,de,,CUBE,"CUBE AIM 27,5, 27,5 ZOLL, ALU, SHIM. TOURNEY, 16-G MISTYGREEN'NŽBLACK",new,mountainbikes,1,Lieferzeit 5-9 Werktage,41 CM,https://boc24.de/collections/mountainbikes/products/cube-aim-27-6,"599,00",
45,boc-store,de,,CUBE,"CUBE AIM 27,5, 27,5 ZOLL, ALU, SHIM. TOURNEY, 16-G MISTYGREEN'N'BLACK",new,mountainbikes,1,Lieferzeit 5-9 Werktage,41 CM,https://boc24.de/collections/mountainbikes/products/cube-aim-27-6,"599,00",
46,boc-store,de,,GHOST,"GHOST KATO FS UNIVERSAL 27,5, 27,5 ZOLL, ALU, SHIMANO XT, 12-G BLUE GREEN/MONARCH ORANGE - MA",new,mountainbikes,1,Lieferzeit 5-7 Werktage,40 CM,https://boc24.de/collections/mountainbikes/products/ghost-kato-fs-universal-1,"1.999,00",
47,boc-store,de,,CUBE,"CUBE ANALOG 29, 29 ZOLL, ALU, SRAM SX EAGLE, 12-G FLASHGREY'N'RED",new,mountainbikes,1,Lieferzeit 5-9 Werktage,"42 CM
47 CM
51,5 CM
56 CM",https://boc24.de/collections/mountainbikes/products/cube-analog-29,"849,00",
48,boc-store,de,,CUBE,"CUBE ANALOG 29, 29 ZOLL, ALU, SRAM SX EAGLE, 12-G FLASHLIME'N'BLACK",new,mountainbikes,1,Lieferzeit 5-9 Werktage,"42 CM
47 CM
51,5 CM
56 CM",https://boc24.de/collections/mountainbikes/products/cube-analog-29,"849,00",
49,boc-store,de,,CUBE,"CUBE ANALOG, 29 ZOLL, ALU, SRAM SX EAGLE, 12-G FLASHGREY'N'RED",new,mountainbikes,1,Lieferzeit 5-9 Werktage,"46 CM
51 CM
56 CM",https://boc24.de/collections/mountainbikes/products/cube-analog-1,"899,00",
50,boc-store,de,,CUBE,"CUBE ANALOG, 29 ZOLL, ALU, SRAM SX EAGLE, 12-G FLASHLIME'N'BLACK",new,mountainbikes,1,Lieferzeit 5-9 Werktage,"46 CM
51 CM
56 CM",https://boc24.de/collections/mountainbikes/products/cube-analog-1,"899,00",
51,boc-store,de,,CUBE,"CUBE STEREO ONE77 PRO 29, 29 ZOLL, ALU, SRAM GX EAGLE, 12-G BLACK ANODIZED",new,mountainbikes,1,Lieferzeit 5-9 Werktage,44 CM,https://boc24.de/collections/mountainbikes/products/cube-stereo-one77-pro-29,"3.199,00",
52,boc-store,de,,BERGAMONT,"BERGAMONT REVOX 7 29, 29 ZOLL, ALU, SHIMANO DEORE, 22-G CANDY RED (SHINY)",new,mountainbikes,1,Lieferzeit 5-7 Werktage,"41 CM
45 CM
49 CM
53 CM
57 CM",https://boc24.de/collections/mountainbikes/products/bergamont-revox-7-30,"1.099,00",
53,boc-store,de,,COMPEL,"COMPEL HT 3.9, 29 ZOLL, ALU, SHIMANO, 21-GANG ROT MATT",new,mountainbikes,1,Lieferzeit 5-9 Werktage,"45 CM
50 CM
55 CM",https://boc24.de/collections/mountainbikes/products/compel-ht-3-9,"299,99","549,99"
54,boc-store,de,,COMPEL,"COMPEL HT 3.9, 29 ZOLL, ALU, SHIMANO, 21-GANG SCHWARZ MATT",new,mountainbikes,1,Lieferzeit 5-9 Werktage,"45 CM
50 CM
55 CM",https://boc24.de/collections/mountainbikes/products/compel-ht-3-9,"299,99","549,99"
55,boc-store,de,,CUBE,"CUBE REACTION C:62 PRO, 29 ZOLL, CARBON, SHIMANO XT, 12-G PRISMAGREY'N'BLUE'N'RED",new,mountainbikes,1,Lieferzeit 5-9 Werktage,47 CM,https://boc24.de/collections/mountainbikes/products/cube-reaction-c-62-pro,"1.899,00",
56,boc-store,de,,CUBE,"CUBE STEREO 120 RACE BLACK, 29 ZOLL, ALU, SHIMANO XT, 12-G ANODIZED",new,mountainbikes,1,Lieferzeit 5-9 Werktage,M,https://boc24.de/collections/mountainbikes/products/cube-stereo-120-race-black,"2.399,00",
57,boc-store,de,,CUBE,"CUBE AIM EX 29, 29 ZOLL, ALU, SHIMANO DEORE, 10-G CARAMEL'N'BLACK",new,mountainbikes,1,Lieferzeit 5-9 Werktage,"46 CM
51 CM
56 CM",https://boc24.de/collections/mountainbikes/products/cube-aim-ex-31,"749,00",
58,boc-store,de,,CUBE,"CUBE AIM EX 29, 29 ZOLL, ALU, SHIMANO DEORE, 10-G GREY'N'RED",new,mountainbikes,1,Lieferzeit 5-9 Werktage,"46 CM
51 CM
56 CM",https://boc24.de/collections/mountainbikes/products/cube-aim-ex-31,"749,00",
59,boc-store,de,,GHOST,"GHOST NIRVANA TOUR SF UNIVERSAL 29, 29 ZOLL, ALU, SRAM X01 EAGLE, 12-G DARK BLUE PEARL/BRIGHT BLUE",new,mountainbikes,1,Lieferzeit 5-9 Werktage,"44 CM
47 CM
49 CM",https://boc24.de/collections/mountainbikes/products/ghost-nirvana-tour-sf-universal-1,"1.499,99","1.799,00"
60,boc-store,de,,CANNONDALE,"CANNONDALE DAVE DIRT JUMP, 26 ZOLL, ALU, 1-GANG, 1-GANG STEALTH GREY",new,mountainbikes,0,Lieferzeit 5-9 Werktage,,https://boc24.de/collections/mountainbikes/products/cannondale-dave-dirt-jump,"1.099,99","1.299,00"
61,boc-store,de,,CUBE,"CUBE ACCESS WS EXC 29, 29 ZOLL, ALU, SHIMANO ACERA, 16-G GREY'N'BERRY",new,mountainbikes,1,Lieferzeit 5-9 Werktage,47 CM,https://boc24.de/collections/mountainbikes/products/cube-access-ws-exc-29,"519,99","649,00"
62,boc-store,de,,MERIDA,"MERIDA BIG.NINE 20-D SE, 29 ZOLL, ALU, SHIMANO ACERA, 24-G MATT METALLIC ORANGE/BLACK",new,mountainbikes,1,Lieferzeit 5-9 Werktage,"48 CM
53 CM
56 CM",https://boc24.de/collections/mountainbikes/products/merida-big-nine-20-d-se,"499,99","599,99"
63,boc-store,de,,GHOST,"GHOST NIRVANA TOUR ESSENTIAL 27,5, 27.5 ZOLL, ALU, SHIMANO XT, 12-GANG OLIVE/DARK OLIVE",new,mountainbikes,1,Lieferzeit 5-9 Werktage,39 CM,https://boc24.de/collections/mountainbikes/products/ghost-nirvana-tour-essential-27-5,"849,99","1.099,00"
64,boc-store,de,,GHOST,"GHOST NIRVANA TOUR ESSENTIAL 27,5, 27.5 ZOLL, ALU, SHIMANO XT, 12-GANG RIOT RED/DARK RED",new,mountainbikes,1,Lieferzeit 5-9 Werktage,39 CM,https://boc24.de/collections/mountainbikes/products/ghost-nirvana-tour-essential-27-5,"849,99","1.099,00"
65,boc-store,de,,GHOST,"GHOST LANAO EQ 27,5, 27,5 ZOLL, ALU, SHIMANO ACERA, 24-G POSEIDON BLUE PEARL/GREEN - MA",new,mountainbikes,1,Lieferzeit 5-7 Werktage,"36 CM
40 CM
44 CM",https://boc24.de/collections/mountainbikes/products/ghost-lanao-eq-27-5,"799,00",
66,boc-store,de,,GHOST,"GHOST KATO PRO 27,5, 27,5 ZOLL, ALU, SHIMANO DEORE, 12-G LIGHT GREY PEARL/BLACK - MATT",new,mountainbikes,1,Lieferzeit 5-7 Werktage,"36 CM
40 CM
44 CM",https://boc24.de/collections/mountainbikes/products/ghost-kato-pro-27-6,"999,00",
67,boc-store,de,,COMPEL,"COMPEL HT 5.9, 29 ZOLL, ALU, SHIMANO ACERA, 24-G HELLBLAU MATT",new,mountainbikes,1,Lieferzeit 5-9 Werktage,"50 CM
55 CM",https://boc24.de/collections/mountainbikes/products/compel-ht-5-9,"487,49","749,99"
68,boc-store,de,,CUBE,"CUBE ATTENTION SLX 29, 29 ZOLL, ALU, SHIMANO XT, 12-G SILVERGREY'N'LIME",new,mountainbikes,1,Lieferzeit 5-9 Werktage,"46 CM
56 CM",https://boc24.de/collections/mountainbikes/products/cube-attention-slx-29,"1.099,00",
69,boc-store,de,,GHOST,"GHOST LECTOR LC, 29 ZOLL, CARBON, SHIM DEORE, 12-G BLACK/KIWI - GLOSSY",new,mountainbikes,1,Lieferzeit 5-9 Werktage,"42 CM
46 CM
50 CM
54 CM",https://boc24.de/collections/mountainbikes/products/ghost-lector-lc,"1.699,99","2.099,00"
70,boc-store,de,,GHOST,"GHOST KATO 29, 29 ZOLL, ALU, SHIMANO TOURNEY, 21-G BLACK/ RIOT RED - GLOSSY",new,mountainbikes,1,Lieferzeit 5-9 Werktage,"40 CM
44 CM
48 CM
52 CM",https://boc24.de/collections/mountainbikes/products/ghost-kato-29,"599,00",
71,boc-store,de,,GHOST,"GHOST KATO 29, 29 ZOLL, ALU, SHIMANO TOURNEY, 21-G LIGHT MINT PEARL/BLACK - MATT",new,mountainbikes,1,Lieferzeit 5-9 Werktage,"40 CM
44 CM
48 CM
52 CM",https://boc24.de/collections/mountainbikes/products/ghost-kato-29,"599,00",
72,boc-store,de,,RAYMON,"RAYMON HARDRAY NINE 6.0, 29 ZOLL, ALU, SRAM SX EAGLE, 12-G BLACK MATT/DARKGREY",new,mountainbikes,1,Lieferzeit 5-9 Werktage,43 CM,https://boc24.de/collections/mountainbikes/products/raymon-hardray-nine-6-0,"1.249,00",
73,boc-store,de,,CANNONDALE,"CANNONDALE TRAIL 8, 29 ZOLL, ALU, MICROSHIFT MEZZO,16-G GREY",new,mountainbikes,1,Lieferzeit 5-9 Werktage,"44 CM
47 CM
52 CM",https://boc24.de/collections/mountainbikes/products/cannondale-trail-8,"499,99","699,99"
74,boc-store,de,,CANNONDALE,"CANNONDALE TRAIL 8, 29 ZOLL, ALU, MICROSHIFT MEZZO,16-G HIGHLIGHTER",new,mountainbikes,1,Lieferzeit 5-9 Werktage,"44 CM
47 CM
52 CM",https://boc24.de/collections/mountainbikes/products/cannondale-trail-8,"499,99","699,99"
75,boc-store,de,,CUBE,"CUBE AIM SLX ALLROAD 29, 29 ZOLL, ALU, SHIMANO ALIVIO, 18-G GREY'N'BLACK",new,mountainbikes,1,Lieferzeit 5-9 Werktage,"46 CM
51 CM
56 CM
61 CM",https://boc24.de/collections/mountainbikes/products/cube-aim-slx-allroad-29,"899,00",
76,boc-store,de,,CUBE,"CUBE AIM SLX ALLROAD 29, 29 ZOLL, ALU, SHIMANO ALIVIO, 18-G PETROL'N'BLACK",new,mountainbikes,1,Lieferzeit 5-9 Werktage,"46 CM
51 CM
56 CM
61 CM",https://boc24.de/collections/mountainbikes/products/cube-aim-slx-allroad-29,"899,00",
77,boc-store,de,,GHOST,"GHOST RIOT EN ESSENTIAL 27,5, 27,5 ZOLL, ALU, SRAM GX EAGLE, 12-G SHARK BLUE/BLACK - MATT",new,mountainbikes,1,Lieferzeit 5-9 Werktage,42 CM,https://boc24.de/collections/mountainbikes/products/ghost-riot-en-essential,"2.999,00",
78,boc-store,de,,COMPEL,"COMPEL HT 7.7, 27,5 ZOLL, ALU, SHIMANO ALIVIO 27-G ANTHRAZIT",new,mountainbikes,1,Lieferzeit 5-9 Werktage,"44 CM
48 CM",https://boc24.de/collections/mountainbikes/products/compel-ht-7-7,"699,99","999,99"
79,boc-store,de,,CANNONDALE,"CANNONDALE TRAIL 7, 29 ZOLL, ALU, SHIMANO ALIVIO, 18-G BLACK",new,mountainbikes,1,Lieferzeit 5-9 Werktage,"44 CM
47 CM
52 CM",https://boc24.de/collections/mountainbikes/products/cannondale-trail-26,"649,99","799,00"
80,boc-store,de,,CUBE,"CUBE AIM RACE ALLROAD 29, 29 ZOLL, ALU, SHIMANO ACERA, 16-G BLUE'N'GREEN",new,mountainbikes,1,Lieferzeit 5-9 Werktage,"42 CM
51,5 CM",https://boc24.de/collections/mountainbikes/products/cube-aim-race-allroad-29,"749,00",
81,boc-store,de,,CUBE,"CUBE AIM RACE ALLROAD 29, 29 ZOLL, ALU, SHIMANO ACERA, 16-G FLASHGREY'N'BLACK",new,mountainbikes,1,Lieferzeit 5-9 Werktage,"42 CM
51,5 CM",https://boc24.de/collections/mountainbikes/products/cube-aim-race-allroad-29,"749,00",
82,boc-store,de,,RAYMON,"RAYMON HARDRAY NINE 7.0, 29 ZOLL, CARBON, SRAM SX EAGLE,12-G DEEPRED/BLACK GLOSSY",new,mountainbikes,1,Lieferzeit 5-9 Werktage,39 CM,https://boc24.de/collections/mountainbikes/products/raymon-hardray-nine-7-0,"1.299,99","1.899,00"
83,boc-store,de,,CUBE,"CUBE ATTENTION 29, 29 ZOLL, ALU, SHIMANO DEORE, 11-G SWAMPGREY'N'BLACK",new,mountainbikes,1,Lieferzeit 5-9 Werktage,"46 CM
51 CM
56 CM",https://boc24.de/collections/mountainbikes/products/cube-attention-30,"999,00",
84,boc-store,de,,GHOST,"GHOST KATO 500 LE, 29 ZOLL, ALU, SHIMANO ALTUS, 27-G ORANGE/SCHWARZ",new,mountainbikes,1,Lieferzeit 5-9 Werktage,"48 CM
52 CM
56 CM",https://boc24.de/collections/mountainbikes/products/ghost-kato-500-le,"649,99","799,99"
85,boc-store,de,,CUBE,"CUBE ACCESS WS PRO, 29 ZOLL, ALU, SHIMANO ALIVIO, 16-G SIENNA'N'BLUSH",new,mountainbikes,1,Lieferzeit 5-9 Werktage,46 CM,https://boc24.de/collections/mountainbikes/products/cube-access-ws-pro-2,"799,00",
86,boc-store,de,,GHOST,"GHOST LECTOR FS SF LC ESSENTIAL, 29 ZOLL, CARBON, SHIMANO XT, 12-G PETROL/OCEAN - GLOSSY",new,mountainbikes,1,Lieferzeit 5-9 Werktage,"44 CM
47 CM
49 CM
51 CM",https://boc24.de/collections/mountainbikes/products/ghost-lector-fs-sf-lc-essential,"3.899,99","4.399,00"
87,boc-store,de,,GHOST,"GHOST RIOT YOUTH PRO U, 27,5 ZOLL, ALU, SRAM GX EAGLE, 12-G PURPLE GREY/BLACK/MONARCH ORAN",new,mountainbikes,1,Lieferzeit 5-7 Werktage,39 CM,https://boc24.de/collections/mountainbikes/products/ghost-riot-youth-pro-u,"1.499,99","1.699,00"
88,boc-store,de,,GHOST,"GHOST KATO PRO 29, 29 ZOLL, ALU, SHIMANO DEORE, 12-G RED/ORANGE",new,mountainbikes,1,Lieferzeit 5-9 Werktage,"44 CM
48 CM",https://boc24.de/collections/mountainbikes/products/ghost-kato-pro-29,"699,99","849,00"
89,boc-store,de,,CUBE,"CUBE AIM PRO 29, 29 ZOLL, ALU, SHIMANO ACERA, 16-G GREY'N'FLASHYELLOW",new,mountainbikes,1,Lieferzeit 5-9 Werktage,"46 CM
51 CM
56 CM
61 CM",https://boc24.de/collections/mountainbikes/products/cube-aim-pro-31,"629,00",
90,boc-store,de,,CUBE,"CUBE AIM PRO 29, 29 ZOLL, ALU, SHIMANO ACERA, 16-G SHIFTVERDE'N'BLACK",new,mountainbikes,1,Lieferzeit 5-9 Werktage,"46 CM
51 CM
56 CM
61 CM",https://boc24.de/collections/mountainbikes/products/cube-aim-pro-31,"629,00",
91,boc-store,de,,CUBE,"CUBE ACCESS WS RACE, 29 ZOLL, ALU, SHIMANO DEORE, 22-G SAGEMETALLIC'N'PETROL",new,mountainbikes,1,Lieferzeit 5-9 Werktage,51 CM,https://boc24.de/collections/mountainbikes/products/cube-access-ws-race-2,"999,00",
92,boc-store,de,,GHOST,"GHOST KATO EQ 27,5, 27,5 ZOLL, ALU, SHIMANO ACERA, 24-G BLACK/BRIGHT BLUE - MATT",new,mountainbikes,1,Lieferzeit 5-9 Werktage,"36 CM
40 CM
44 CM",https://boc24.de/collections/mountainbikes/products/ghost-kato-eq-27-5,"799,00",
93,boc-store,de,,GHOST,"GHOST KATO EQ 27,5, 27,5 ZOLL, ALU, SHIMANO ACERA, 24-G METALLIC KAKI/BLACK - MATT",new,mountainbikes,1,Lieferzeit 5-9 Werktage,"36 CM
40 CM
44 CM",https://boc24.de/collections/mountainbikes/products/ghost-kato-eq-27-5,"799,00",
94,boc-store,de,,RALEIGH,"RALEIGH DAYMAX, 29 ZOLL, ALU, SHIMANO ACERA, 24-G JETGREY MATT",new,mountainbikes,1,Lieferzeit 5-9 Werktage,"44 CM
48 CM
52 CM",https://boc24.de/collections/mountainbikes/products/raleigh-daymax,"599,99","739,99"
95,boc-store,de,,RALEIGH,"RALEIGH DAYMAX, 29 ZOLL, ALU, SHIMANO ACERA, 24-G NAVYBLUE MATT",new,mountainbikes,1,Lieferzeit 5-9 Werktage,"44 CM
48 CM
52 CM",https://boc24.de/collections/mountainbikes/products/raleigh-daymax,"599,99","739,99"
96,boc-store,de,,BERGAMONT,"BERGAMONT REVOX 3 29, 29 ZOLL, ALU, SHIMANO TOURNEY, 24-G CARIBBEAN BLUE (SHINY)",new,mountainbikes,1,Lieferzeit 5-9 Werktage,"45 CM
49 CM
53 CM
57 CM",https://boc24.de/collections/mountainbikes/products/bergamont-revox-3-30,"599,99","699,00"
97,boc-store,de,,BERGAMONT,"BERGAMONT REVOX 3 29, 29 ZOLL, ALU, SHIMANO TOURNEY, 24-G OLIVE BLACK (MATT)",new,mountainbikes,1,Lieferzeit 5-9 Werktage,"45 CM
49 CM
53 CM
57 CM",https://boc24.de/collections/mountainbikes/products/bergamont-revox-3-30,"599,99","699,00"
98,boc-store,de,,GHOST,"GHOST RIOT ENDURO FULL PARTY, 29 ZOLL, ALU, SHIMANO XT, 12-GANG SILVER/PURPLE",new,mountainbikes,1,Lieferzeit 5-7 Werktage,49 CM,https://boc24.de/collections/mountainbikes/products/ghost-riot-enduro-full-party,"3.699,00",
99,boc-store,de,,GHOST,"GHOST RIOT ENDURO ESSENTIAL 27,5, 27,5 ZOLL, ALU, SRAM GX EAGLE, 12-G BLUE/BLACK/GRAY",new,mountainbikes,1,Lieferzeit 5-9 Werktage,42 CM,https://boc24.de/collections/mountainbikes/products/ghost-riot-enduro-essential-27-5,"2.599,00",
100,boc-store,de,,CANNONDALE,"CANNONDALE TRAIL 6, 29 ZOLL, ALU, SHIMANO ALIVIO, 18-G IMPACT ORANGE",new,mountainbikes,1,Lieferzeit 5-9 Werktage,"44 CM
47 CM
52 CM",https://boc24.de/collections/mountainbikes/products/cannondale-trail-25,"699,99","899,00"
101,boc-store,de,,CANNONDALE,"CANNONDALE TRAIL 6, 29 ZOLL, ALU, SHIMANO ALIVIO, 18-G SLATE GRAY",new,mountainbikes,1,Lieferzeit 5-9 Werktage,"44 CM
47 CM
52 CM",https://boc24.de/collections/mountainbikes/products/cannondale-trail-25,"699,99","899,00"
102,boc-store,de,,CUBE,"CUBE AIM RACE 27,5, 27,5 ZOLL, ALU, SHIMANO ACERA, 16-G BLACK'N'AZURE",new,mountainbikes,1,Lieferzeit 5-9 Werktage,41 CM,https://boc24.de/collections/mountainbikes/products/cube-aim-race-27-7,"679,00",
103,boc-store,de,,CUBE,"CUBE AIM RACE 27,5, 27,5 ZOLL, ALU, SHIMANO ACERA, 16-G OLIVE'N'BLACK",new,mountainbikes,1,Lieferzeit 5-9 Werktage,41 CM,https://boc24.de/collections/mountainbikes/products/cube-aim-race-27-7,"679,00",
104,boc-store,de,,CUBE,"CUBE ACID 29, 29 ZOLL, ALU, SRAM NX EAGLE, 12-G GREY'N'PEARLGREY",new,mountainbikes,1,Lieferzeit 5-9 Werktage,"46 CM
51 CM
56 CM",https://boc24.de/collections/mountainbikes/products/cube-acid-30,"1.199,00",
105,boc-store,de,,CUBE,"CUBE ACID 29, 29 ZOLL, ALU, SRAM NX EAGLE, 12-G METALOLIVE'N'BLACK",new,mountainbikes,1,Lieferzeit 5-9 Werktage,"46 CM
51 CM
56 CM",https://boc24.de/collections/mountainbikes/products/cube-acid-30,"1.199,00",
106,boc-store,de,,COMPEL,"COMPEL HT 6.7, 27,5 ZOLL, ALU, SHIMANO DEORE, 27-G DUNKELBLAU MATT",new,mountainbikes,1,Lieferzeit 5-9 Werktage,"40 CM
44 CM
48 CM",https://boc24.de/collections/mountainbikes/products/compel-ht-6-7,"594,99","849,99"
107,boc-store,de,,CUBE,"CUBE ACCESS WS PRO ALLROAD, 29 ZOLL, ALU, SHIMANO ALIVIO, 16-G FLAREBLUE'N'BLACK",new,mountainbikes,1,Lieferzeit 5-9 Werktage,"46 CM
51 CM",https://boc24.de/collections/mountainbikes/products/cube-access-ws-pro-allroad-1,"899,00",
108,boc-store,de,,GHOST,"GHOST KATO UNIVERSAL 27,5, 27,5 ZOLL, ALU, SHIM ALIVIO, 27-G BLACK/BRIGHT BLUE - GLOSSY",new,mountainbikes,1,Lieferzeit 5-9 Werktage,"36 CM
40 CM
44 CM",https://boc24.de/collections/mountainbikes/products/ghost-kato-universal-27-6,"799,00",
109,boc-store,de,,GHOST,"GHOST KATO UNIVERSAL 27,5, 27,5 ZOLL, ALU, SHIM ALIVIO, 27-G BLUEGREEN PEARL/AZUR BLUE META",new,mountainbikes,1,Lieferzeit 5-9 Werktage,"36 CM
40 CM
44 CM",https://boc24.de/collections/mountainbikes/products/ghost-kato-universal-27-6,"799,00",
110,boc-store,de,,GHOST,"GHOST RIOT AM UNIVERSAL 29, 29 ZOLL, ALU, SRAM GX EAGLE, 12-G OLIVE/WARM STONE - GLOSSY",new,mountainbikes,1,Lieferzeit 5-9 Werktage,"44 CM
47 CM
49 CM",https://boc24.de/collections/mountainbikes/products/ghost-riot-am-universal-2,"3.199,00",
111,boc-store,de,,STORCK,"STORCK REBEL RACE.2, 29 ZOLL, CARBON, SRAM NX EAGLE,12-G GRAU METALLIC",new,mountainbikes,1,Lieferzeit 5-9 Werktage,"40 CM
43 CM
47 CM
52 CM",https://boc24.de/collections/mountainbikes/products/storck-rebel-race-2,"2.299,99",
112,boc-store,de,,GHOST,"GHOST KATO PRO 29, 29 ZOLL, ALU, SHIMANO DEORE, 12-G GREEN/BLACK - MATT",new,mountainbikes,1,Lieferzeit 5-9 Werktage,"44 CM
48 CM",https://boc24.de/collections/mountainbikes/products/ghost-kato-pro-30,"999,00",
113,boc-store,de,,GHOST,"GHOST KATO PRO 29, 29 ZOLL, ALU, SHIMANO DEORE, 12-G LIGHT GREY PEARL/BLACK - MATT",new,mountainbikes,1,Lieferzeit 5-9 Werktage,"44 CM
48 CM",https://boc24.de/collections/mountainbikes/products/ghost-kato-pro-30,"999,00",
114,boc-store,de,,GHOST,"GHOST LANAO 27,5, 27,5 ZOLL, ALU, SHIM TOURNEY, 21-G LIGHT MINT PEARL/PURPLE PEARL",new,mountainbikes,1,Lieferzeit 5-9 Werktage,"36 CM
40 CM
44 CM",https://boc24.de/collections/mountainbikes/products/ghost-lanao-27-5,"599,00",
115,boc-store,de,,GHOST,"GHOST LANAO ADVANCED 27,5, 27,5 ZOLL, ALU, SHIMANO DEORE, 20-G BLACK/PEARL PURPLE - MATT",new,mountainbikes,1,Lieferzeit 5-7 Werktage,"36 CM
40 CM
44 CM",https://boc24.de/collections/mountainbikes/products/ghost-lanao-advanced-27-5,"899,00",
116,boc-store,de,,GHOST,"GHOST KATO STREET LE 29, 29 ZOLL, ALU, BLACK/RED/WHITE",new,mountainbikes,1,Lieferzeit 5-9 Werktage,"S
M
L",https://boc24.de/collections/mountainbikes/products/ghost-kato-street-le-29,"599,99","699,99"
117,boc-store,de,,GHOST,"GHOST SLAMR 6.7 AL, 27,5 ZOLL, ALU , SHIMANO XT , 12-G JET BLACK/URBAN GRAY",new,mountainbikes,1,Lieferzeit 5-9 Werktage,43 CM,https://boc24.de/collections/mountainbikes/products/ghost-slamr-6-7-al,"2.999,00",
118,boc-store,de,,CUBE,"CUBE AIM RACE ALLROAD 27,5, 27,5 ZOLL, ALU, SHIMANO ACERA, 16-G BLUE'N'BLACK",new,mountainbikes,1,Lieferzeit 5-9 Werktage,"36 CM
41 CM",https://boc24.de/collections/mountainbikes/products/cube-aim-race-allroad-27-6,"779,00",
119,boc-store,de,,CUBE,"CUBE AIM RACE ALLROAD 27,5, 27,5 ZOLL, ALU, SHIMANO ACERA, 16-G FLASHGREY'N'BLACK",new,mountainbikes,1,Lieferzeit 5-9 Werktage,"36 CM
41 CM",https://boc24.de/collections/mountainbikes/products/cube-aim-race-allroad-27-6,"779,00",
120,boc-store,de,,COMPEL,"COMPEL HT 3.7, 27,5 ZOLL, ALU, SHIMANO, 21-GANG GRAU MATT",new,mountainbikes,1,Lieferzeit 5-9 Werktage,"40 CM
45 CM
50 CM",https://boc24.de/collections/mountainbikes/products/compel-ht-3-7,"299,99","549,99"
121,boc-store,de,,COMPEL,"COMPEL HT 3.7, 27,5 ZOLL, ALU, SHIMANO, 21-GANG ORANGE MATT",new,mountainbikes,1,Lieferzeit 5-9 Werktage,"40 CM
45 CM
50 CM",https://boc24.de/collections/mountainbikes/products/compel-ht-3-7,"299,99","549,99"
122,boc-store,de,,GHOST,"GHOST KATO EQ 29, 29 ZOLL, ALU, SHIMANO ACERA, 24-G BLACK/BRIGHT BLUE - MATT",new,mountainbikes,1,Lieferzeit 5-9 Werktage,"40 CM
44 CM
52 CM",https://boc24.de/collections/mountainbikes/products/ghost-kato-eq-29,"799,00",
123,boc-store,de,,GHOST,"GHOST KATO EQ 29, 29 ZOLL, ALU, SHIMANO ACERA, 24-G METALLIC KAKI/BLACK - MATT",new,mountainbikes,1,Lieferzeit 5-9 Werktage,"40 CM
44 CM
52 CM",https://boc24.de/collections/mountainbikes/products/ghost-kato-eq-29,"799,00",
124,boc-store,de,,CUBE,"CUBE ACCESS WS PRO ALLROAD 29, 29 ZOLL, ALU, SHIMANO ALIVIO, 16-G AQUA'N'BLUE",new,mountainbikes,1,Lieferzeit 5-9 Werktage,"42 CM
47 CM",https://boc24.de/collections/mountainbikes/products/cube-access-ws-pro-allroad-29,"849,00",
125,boc-store,de,,CANNONDALE,"CANNONDALE TRAIL 5, 29 ZOLL, ALU, SHIMANO DEORE, 20-G MANGO",new,mountainbikes,1,Lieferzeit 5-7 Werktage,"44 CM
47 CM
52 CM",https://boc24.de/collections/mountainbikes/products/cannondale-trail-27,"999,00",
126,boc-store,de,,RAYMON,"RAYMON HARDRAY NINE 2.0, 29 ZOLL, ALU, SHIMANO TOURNEY, 21-G BLACK/LIME MATT",new,mountainbikes,1,Lieferzeit 5-9 Werktage,52 CM,https://boc24.de/collections/mountainbikes/products/raymon-hardray-nine-2-0,"549,99","629,00"
127,boc-store,de,,RAYMON,"RAYMON HARDRAY NINE 2.0, 29 ZOLL, ALU, SHIMANO TOURNEY, 21-G DEEPRED/BLACK",new,mountainbikes,1,Lieferzeit 5-9 Werktage,52 CM,https://boc24.de/collections/mountainbikes/products/raymon-hardray-nine-2-0,"549,99","629,00"
128,boc-store,de,,COMPEL,"COMPEL HT 5.9 W, 29 ZOLL, ALU, SHIMANO ACERA, 24-G EISBLAU",new,mountainbikes,1,Lieferzeit 5-9 Werktage,"39 CM
44 CM",https://boc24.de/collections/mountainbikes/products/compel-ht-5-9-w,"487,49","749,99"
129,boc-store,de,,CUBE,"CUBE ANALOG, 27,5 ZOLL, ALU, SRAM SX EAGLE, 12-G FLASHGREY'N'RED",new,mountainbikes,1,Lieferzeit 5-9 Werktage,"36 CM
41 CM",https://boc24.de/collections/mountainbikes/products/cube-analog,"899,00",
130,boc-store,de,,CUBE,"CUBE RACE ONE 29, 29 ZOLL, ALU, SHIMANO XT, 24-G BLACK'N'FLASHYELLOW",new,mountainbikes,1,Lieferzeit 5-9 Werktage,"47 CM
51,5 CM",https://boc24.de/collections/mountainbikes/products/cube-race-one-29,"1.249,00",
131,boc-store,de,,CUBE,"CUBE ACCESS WS RACE, 29 ZOLL, ALU, SHIMANO DEORE, 22-G SMOKEYLILAC'N'BLACK",new,mountainbikes,1,Lieferzeit 5-7 Werktage,42 CM,https://boc24.de/collections/mountainbikes/products/cube-access-ws-race-1,"759,99","949,00"
132,boc-store,de,,CUBE,"CUBE ACCESS WS ALLROAD, 29 ZOLL, ALU, SHIMANO TOURNEY, 16-G REED'N'BERRY",new,mountainbikes,1,Lieferzeit 5-9 Werktage,"46 CM
51 CM",https://boc24.de/collections/mountainbikes/products/cube-access-ws-allroad,"699,00",
133,boc-store,de,,CUBE,"CUBE AIM EX 27,5, 27,5 ZOLL, ALU, SHIMANO DEORE, 10-G GREY'N'RED",new,mountainbikes,1,Lieferzeit 5-9 Werktage,41 CM,https://boc24.de/collections/mountainbikes/products/cube-aim-ex-27-6,"749,00",
134,boc-store,de,,CUBE,"CUBE ACCESS WS EXC 27,5, 27,5 ZOLL, ALU, SHIMANO ACERA, 16-G GREY'N'BERRY",new,mountainbikes,1,Lieferzeit 5-9 Werktage,34 CM,https://boc24.de/collections/mountainbikes/products/cube-access-ws-exc-27-5,"519,99","649,00"
135,boc-store,de,,CUBE,"CUBE ACCESS WS EXC 27,5, 27,5 ZOLL, ALU, SHIMANO ACERA, 16-G STONEGREY'N'FERN",new,mountainbikes,1,Lieferzeit 5-9 Werktage,34 CM,https://boc24.de/collections/mountainbikes/products/cube-access-ws-exc-27-5,"519,99","649,00"
136,boc-store,de,,RALEIGH,"RALEIGH DAYMAX 27, 27,5 ZOLL, ALU, SHIMANO ACERA, 24-G JETGREY MATT",new,mountainbikes,1,Lieferzeit 5-9 Werktage,"36 CM
40 CM
44 CM",https://boc24.de/collections/mountainbikes/products/raleigh-daymax-27,"599,99","739,99"
137,boc-store,de,,CUBE,"CUBE AIM SLX 27,5, 27,5 ZOLL, ALU, SHIM. ALIVIO, 18-G GRAPHITE'N'METAL",new,mountainbikes,1,Lieferzeit 5-9 Werktage,41 CM,https://boc24.de/collections/mountainbikes/products/cube-aim-slx-27-5,"799,00",
138,boc-store,de,,CUBE,"CUBE AIM SLX 27,5, 27,5 ZOLL, ALU, SHIM. ALIVIO, 18-G WHITE'N'BLUE'N'RED",new,mountainbikes,1,Lieferzeit 5-9 Werktage,41 CM,https://boc24.de/collections/mountainbikes/products/cube-aim-slx-27-5,"799,00",
139,boc-store,de,,CUBE,"CUBE ACCESS WS PRO ALLROAD, 27,5 ZOLL, ALU, SHIM. ALIVIO, 16-G FLAREBLUE'N'BLACK",new,mountainbikes,1,Lieferzeit 5-9 Werktage,41 CM,https://boc24.de/collections/mountainbikes/products/cube-access-ws-pro-allroad,"899,00",
140,boc-store,de,,GHOST,"GHOST LECTOR FS ESSENTIAL, 29 ZOLL, CARBON, SHIMANO XT, 12-G BLUE",new,mountainbikes,1,Lieferzeit 5-9 Werktage,"44 CM
47 CM
49 CM",https://boc24.de/collections/mountainbikes/products/ghost-lector-fs-essential,"2.999,99","3.699,00"
141,boc-store,de,,GHOST,"GHOST LECTOR FS ESSENTIAL, 29 ZOLL, CARBON, SHIMANO XT, 12-G BROWN",new,mountainbikes,1,Lieferzeit 5-9 Werktage,"44 CM
47 CM
49 CM",https://boc24.de/collections/mountainbikes/products/ghost-lector-fs-essential,"2.999,99","3.699,00"
142,boc-store,de,,CUBE,"CUBE ACCESS WS RACE, 27,5 ZOLL, ALU, SHIMANO DEORE, 22-G SMOKEYLILAC'N'BLACK",new,mountainbikes,1,Lieferzeit 5-9 Werktage,37 CM,https://boc24.de/collections/mountainbikes/products/cube-access-ws-race,"759,99","949,00"
143,boc-store,de,,GHOST,"GHOST KATO BASE 27.5, 27,5 ZOLL, ALU, TOURNEY, 21-GANG BLACK/SILVER/RED",new,mountainbikes,1,Lieferzeit 5-9 Werktage,36 CM,https://boc24.de/collections/mountainbikes/products/ghost-kato-base-27-5,"499,00",
144,boc-store,de,,CUBE,"CUBE ACCESS WS EXC, 29 ZOLL, ALU, SHIMANO ACERA, 16-G EUCALYPTUS'N'BLACK",new,mountainbikes,1,Lieferzeit 5-9 Werktage,"42 CM
47 CM",https://boc24.de/collections/mountainbikes/products/cube-access-ws-exc,"699,00",
145,boc-store,de,,RAYMON,"RAYMON HARDRAY NINE 3.0, 29 ZOLL, ALU, SHIMANO ALIVIO, 27-G BLACK/PETROL METALLIC",new,mountainbikes,1,Lieferzeit 5-9 Werktage,"43 CM
48 CM
52 CM",https://boc24.de/collections/mountainbikes/products/raymon-hardray-nine-3-0,"649,99","729,00"
146,boc-store,de,,RAYMON,"RAYMON HARDRAY NINE 3.0, 29 ZOLL, ALU, SHIMANO ALIVIO, 27-G LIGHTGREY/LIME MATT",new,mountainbikes,1,Lieferzeit 5-9 Werktage,"43 CM
48 CM
52 CM",https://boc24.de/collections/mountainbikes/products/raymon-hardray-nine-3-0,"649,99","729,00"
147,boc-store,de,,CUBE,"CUBE ACCESS WS PRO ALLROAD 27,5, 27,5 ZOLL, ALU, SHIM. ALIVIO, 16-G AQUA'N'BLUE",new,mountainbikes,1,Lieferzeit 5-9 Werktage,37 CM,https://boc24.de/collections/mountainbikes/products/cube-access-ws-pro-allroad-27-5,"849,00",
148,boc-store,de,,COMPEL,"COMPEL HT 5.7, 27,5 ZOLL, ALU, SHIMANO ACERA, 24-G HELLBLAU MATT",new,mountainbikes,1,Lieferzeit 5-9 Werktage,"45 CM
50 CM",https://boc24.de/collections/mountainbikes/products/compel-ht-5-8,"487,49","749,99"
149,boc-store,de,,BERGAMONT,"BERGAMONT REVOX 4 29, 29 ZOLL, ALU, SHIMANO ALTUS, 18-G FLAKY BLACK (SHINY)",new,mountainbikes,1,Lieferzeit 5-9 Werktage,"45 CM
49 CM
53 CM
57 CM",https://boc24.de/collections/mountainbikes/products/bergamont-revox-4-30,"649,99","749,00"
150,boc-store,de,,BERGAMONT,"BERGAMONT REVOX 4 29, 29 ZOLL, ALU, SHIMANO ALTUS, 18-G SUNNY ORANGE (SHINY)",new,mountainbikes,1,Lieferzeit 5-9 Werktage,"45 CM
49 CM
53 CM
57 CM",https://boc24.de/collections/mountainbikes/products/bergamont-revox-4-30,"649,99","749,00"
151,boc-store,de,,CUBE,"CUBE ACCESS WS EXC 27,5, 27,5 ZOLL, ALU, SHIMANO ACERA, 24-G DARKBERRYŽNŽBLACK",new,mountainbikes,1,Lieferzeit 5-9 Werktage,41 CM,https://boc24.de/collections/mountainbikes/products/cube-access-ws-exc-27-6,"479,99","559,00"
152,boc-store,de,,BERGAMONT,"BERGAMONT REVOX 3 FMN 29, 29 ZOLL, ALU, SHIMANO TOURNEY, 24-G FLAKY BLUE (MATT)",new,mountainbikes,1,Lieferzeit 5-9 Werktage,"45 CM
49 CM",https://boc24.de/collections/mountainbikes/products/bergamont-revox-3-fmn-29,"599,99","699,00"
153,boc-store,de,,GHOST,"GHOST RIOT TRAIL ESSENTIAL 27,5, 27.5 ZOLL, ALU, SHIMANO XT, 12-GANG BLACK",new,mountainbikes,1,Lieferzeit 5-9 Werktage,42 CM,https://boc24.de/collections/mountainbikes/products/ghost-riot-trail-essential-27-5,"2.199,99","2.599,00"
154,boc-store,de,,BERGAMONT,"BERGAMONT REVOX 5 27,5, 27,5 ZOLL, ALU, ALIVIO, 27-GANG FLAKY PETROL (MATT)",new,mountainbikes,1,Lieferzeit 5-7 Werktage,"41 CM
45 CM",https://boc24.de/collections/mountainbikes/products/bergamont-revox-5-27-5,"849,00",
155,boc-store,de,,GHOST,"GHOST KATO 27,5, 27,5 ZOLL, ALU, SHIM TOURNEY, 21-G BLACK/ RIOT RED - GLOSSY",new,mountainbikes,1,Lieferzeit 5-9 Werktage,"36 CM
40 CM
44 CM",https://boc24.de/collections/mountainbikes/products/ghost-kato-27-5,"599,00",
156,boc-store,de,,GHOST,"GHOST KATO 27,5, 27,5 ZOLL, ALU, SHIM TOURNEY, 21-G LIGHT MINT PEARL/BLACK - MATT",new,mountainbikes,1,Lieferzeit 5-9 Werktage,"36 CM
40 CM
44 CM",https://boc24.de/collections/mountainbikes/products/ghost-kato-27-5,"599,00",
157,boc-store,de,,CUBE,"CUBE ACCESS WS ALLROAD, 27,5 ZOLL, ALU, SHIM. TOURNEY, 16-G REED'N'BERRY",new,mountainbikes,1,Lieferzeit 5-9 Werktage,41 CM,https://boc24.de/collections/mountainbikes/products/cube-access-ws-allroad-1,"699,00",
158,boc-store,de,,GHOST,"GHOST LANAO ESSENTIAL, 27,5 ZOLL, ALU, SHIMANO ACERA, 24-G WHITE/PURPLE",new,mountainbikes,1,Lieferzeit 5-9 Werktage,"36 CM
40 CM
44 CM",https://boc24.de/collections/mountainbikes/products/ghost-lanao-essential,"469,99","549,00"
159,boc-store,de,,CUBE,"CUBE AIM SL 27,5, 27,5 ZOLL, ALU, SHIM. ALIVIO, 18-G GRAPHITE'N'METAL",new,mountainbikes,1,Lieferzeit 5-9 Werktage,37 CM,https://boc24.de/collections/mountainbikes/products/cube-aim-sl-27-5,"599,99","749,00"
160,boc-store,de,,CUBE,"CUBE AIM SL 27,5, 27,5 ZOLL, ALU, SHIM. ALIVIO, 18-G PRISMAGREY'N'BLUE'N'RED",new,mountainbikes,1,Lieferzeit 5-9 Werktage,37 CM,https://boc24.de/collections/mountainbikes/products/cube-aim-sl-27-5,"599,99","749,00"
161,boc-store,de,,GHOST,"GHOST LECTOR FS UNIVERSAL, 29 ZOLL, CARBON, X01 EAGLE, 12-GANG OLIVE/LIGHT OLIVE",new,mountainbikes,1,Lieferzeit 5-9 Werktage,51 CM,https://boc24.de/collections/mountainbikes/products/ghost-lector-fs-universal,"3.499,99","4.499,00"
162,boc-store,de,,BERGAMONT,"BERGAMONT REVOX 3 EQ 29, 29 ZOLL, ALU, SHIMANO TOURNEY, 24-G CARIBBEAN BLUE (SHINY)",new,mountainbikes,1,Lieferzeit 5-9 Werktage,"45 CM
49 CM
53 CM",https://boc24.de/collections/mountainbikes/products/bergamont-revox-3-eq-30,"799,00",
163,boc-store,de,,BERGAMONT,"BERGAMONT REVOX 3 EQ 29, 29 ZOLL, ALU, SHIMANO TOURNEY, 24-G OLIVE BLACK (MATT)",new,mountainbikes,1,Lieferzeit 5-9 Werktage,"45 CM
49 CM
53 CM",https://boc24.de/collections/mountainbikes/products/bergamont-revox-3-eq-30,"799,00",
164,boc-store,de,,S'COOL,"S'COOL XROC PLUS 27,5-24 DISC, 27,5 ZOLL, ALU, SHIMANO ALTUS, 24 G BLACK/BLUE",new,mountainbikes,1,Lieferzeit 5-7 Werktage,"40 CM
50 CM",https://boc24.de/collections/mountainbikes/products/scool-xroc-plus-27-5-24-disc,"599,99","669,00"
165,boc-store,de,,BERGAMONT,"BERGAMONT REVOX 3 FMN EQ, 27,5 ZOLL, ALU, TOURNEY, 24-GANG FLAKY BLUE (MATT)",new,mountainbikes,1,Lieferzeit 5-9 Werktage,"36 CM
45 CM",https://boc24.de/collections/mountainbikes/products/bergamont-revox-3-fmn-eq,"799,00",
166,boc-store,de,,GHOST,"GHOST RIOT AM FULL PARTY 29, 29 ZOLL, ALU, SHIMANO XT, 12-G SILVER/PURPLE - GLOSSY",new,mountainbikes,1,Lieferzeit 5-7 Werktage,"44 CM
47 CM
49 CM",https://boc24.de/collections/mountainbikes/products/ghost-riot-am-full-party,"3.499,99","3.799,00"
167,boc-store,de,,CANNONDALE,"CANNONDALE TRAIL SL 2, 29 ZOLL, ALU, SHIMANO SLX, 12-G MIDNIGHT BLUE",new,mountainbikes,1,Lieferzeit 5-9 Werktage,"44 CM
47 CM
52 CM",https://boc24.de/collections/mountainbikes/products/cannondale-trail-sl-2,"1.649,00",
168,boc-store,de,,CUBE,"CUBE ACCESS WS EXC, 27,5 ZOLL, ALU, SHIMANO ACERA, 16-G EUCALYPTUS'N'BLACK",new,mountainbikes,1,Lieferzeit 5-9 Werktage,37 CM,https://boc24.de/collections/mountainbikes/products/cube-access-ws-exc-1,"699,00",
169,boc-store,de,,MERIDA,"MERIDA BIG.SEVEN 20-D SE, 27,5 ZOLL, ALU, SHIMANO ACERA, 24-G GLOSSY GREEN/GLOSSY BLACK",new,mountainbikes,1,Lieferzeit 5-9 Werktage,"44 CM
48 CM",https://boc24.de/collections/mountainbikes/products/merida-big-seven-20-d-se,"499,99","599,99"
170,boc-store,de,,CANNONDALE,"CANNONDALE SCALPEL HT CRB 3, 29 ZOLL, CRB, SHIMANO XT, 12-GANG BLACK",new,mountainbikes,1,Lieferzeit 5-7 Werktage,"44 CM
48 CM",https://boc24.de/collections/mountainbikes/products/cannondale-scalpel-ht-crb-3,"3.499,00",
171,boc-store,de,,CUBE,"CUBE STEREO ONE22, 29 ZOLL, ALU, SRAM NX EAGLE, 12-G SWAMPGREY'N'BLACK",new,mountainbikes,1,Lieferzeit 5-7 Werktage,"S
M
L",https://boc24.de/collections/mountainbikes/products/cube-stereo-one22,"1.999,00",
172,boc-store,de,,GHOST,"GHOST KATO UNIVERSAL 29, 29 ZOLL, ALU, SHIMANO ALIVIO, 24-G BROWN/BLUE",new,mountainbikes,1,Lieferzeit 5-9 Werktage,"48 CM
52 CM",https://boc24.de/collections/mountainbikes/products/ghost-kato-universal-30,"549,99","649,00"
173,boc-store,de,,CUBE,"CUBE ACCESS WS EAZ, 29 ZOLL, ALU, SHIMANO ACERA, 16-G BLUSH'N'SLIVER",new,mountainbikes,1,Lieferzeit 5-9 Werktage,"46 CM
51 CM",https://boc24.de/collections/mountainbikes/products/cube-access-ws-eaz-2,"629,00",
174,boc-store,de,,CANNONDALE,"CANNONDALE HABIT CARBON SE, 29 ZOLL, CARBON, GX EAGLE, 12-GANG CHAMELEON",new,mountainbikes,1,Lieferzeit 5-7 Werktage,43 CM,https://boc24.de/collections/mountainbikes/products/cannondale-habit-carbon-se-1,"2.999,99","4.499,00"
175,boc-store,de,,BERGAMONT,"BERGAMONT REVOX 6 29, 29 ZOLL, ALU, SHIMANO DEORE, 20-G DARK GOLD (SHINY)",new,mountainbikes,1,Lieferzeit 5-9 Werktage,"41 CM
45 CM
49 CM
53 CM
57 CM",https://boc24.de/collections/mountainbikes/products/bergamont-revox-6-30,"949,00",
176,boc-store,de,,BERGAMONT,"BERGAMONT REVOX 4 FMN 27,5, 27,5 ZOLL, ALU, SHIMANO ALTUS, 18-G MIRROR RED (SHINY)",new,mountainbikes,1,Lieferzeit 5-7 Werktage,"36 CM
41 CM
45 CM",https://boc24.de/collections/mountainbikes/products/bergamont-revox-4-fmn-27-5,"649,99","749,00"
177,boc-store,de,,GHOST,"GHOST RIOT AM UNIVERSAL 27,5, 27,5 ZOLL, ALU, SRAM GX EAGLE, 12-G OLIVE/WARM STONE - GLOSSY",new,mountainbikes,1,Lieferzeit 5-9 Werktage,42 CM,https://boc24.de/collections/mountainbikes/products/ghost-riot-am-universal-1,"3.399,00",
178,boc-store,de,,GHOST,"GHOST LECTOR SF LC UNIVERSAL, 29 ZOLL, CARBON, SRAM X01 , 12-G RAW CARBON/RIOT RED - GLOSSY/M",new,mountainbikes,1,Lieferzeit 5-9 Werktage,"42 CM
44 CM
47 CM
49 CM",https://boc24.de/collections/mountainbikes/products/ghost-lector-sf-lc-universal-1,"2.999,99","3.599,00"
179,boc-store,de,,CANNONDALE,"CANNONDALE TRAIL SE 2, 29 ZOLL, ALU, SRAM SX EAGLE, 12-G EMERALD",new,mountainbikes,1,Lieferzeit 5-9 Werktage,44 CM,https://boc24.de/collections/mountainbikes/products/cannondale-trail-se-2,"1.299,99","1.499,00"
180,boc-store,de,,CUBE,"CUBE AIM PRO 27,5, 27,5 ZOLL, ALU, SHIMANO ACERA, 16-G GREY'N'FLASHYELLOW",new,mountainbikes,1,Lieferzeit 5-9 Werktage,41 CM,https://boc24.de/collections/mountainbikes/products/cube-aim-pro-27-6,"629,00",
181,boc-store,de,,CUBE,"CUBE AIM PRO 27,5, 27,5 ZOLL, ALU, SHIMANO ACERA, 16-G SHIFTVERDE'N'BLACK",new,mountainbikes,1,Lieferzeit 5-9 Werktage,41 CM,https://boc24.de/collections/mountainbikes/products/cube-aim-pro-27-6,"629,00",
182,boc-store,de,,CUBE,"CUBE ACCESS WS 27,5, 27,5 ZOLL, ALU, SHIM. TOURNEY, 16-G BLACK'N'BLUE",new,mountainbikes,1,Lieferzeit 5-9 Werktage,"34 CM
37 CM",https://boc24.de/collections/mountainbikes/products/cube-access-ws-27-5,"439,99","549,00"
183,boc-store,de,,CUBE,"CUBE STEREO ONE22 HPC TM 29, 29 ZOLL, CRB., SRAM GX , 12-G FLASHGREY'N'OLIVE",new,mountainbikes,1,Lieferzeit 5-9 Werktage,"M
L
XL",https://boc24.de/collections/mountainbikes/products/cube-stereo-one22-hpc-tm-29,"3.199,00",
184,boc-store,de,,RAYMON,"RAYMON HARDRAY NINE 1.5 STREET, 29 ZOLL, ALU, SHIMANO TOURNEY, 18-G ARMOR/LIME MATT",new,mountainbikes,1,Lieferzeit 5-7 Werktage,"43 CM
48 CM",https://boc24.de/collections/mountainbikes/products/raymon-hardray-nine-1-5-street,"599,00",
185,boc-store,de,,CUBE,"CUBE ACCESS WS EAZ, 27,5 ZOLL, ALU, SHIMANO ACERA, 16-G BLUSHMETALLIC'N'FLASHYELLOW",new,mountainbikes,1,Lieferzeit 5-9 Werktage,37 CM,https://boc24.de/collections/mountainbikes/products/cube-access-ws-eaz,"479,99","599,00"
186,boc-store,de,,CUBE,"CUBE ACCESS WS EAZ, 27,5 ZOLL, ALU, SHIMANO ACERA, 16-G VIOLETWHITE'N'PINK",new,mountainbikes,1,Lieferzeit 5-9 Werktage,37 CM,https://boc24.de/collections/mountainbikes/products/cube-access-ws-eaz,"479,99","599,00"
187,boc-store,de,,GHOST,"GHOST KATO ADVANCED 27,5, 27,5 ZOLL, ALU, SHIMANO DEORE, 20-G BLACK/MONARCH ORANGE - MATT",new,mountainbikes,1,Lieferzeit 5-9 Werktage,"36 CM
40 CM
44 CM",https://boc24.de/collections/mountainbikes/products/ghost-kato-advanced-27-5,"899,00",
188,boc-store,de,,GHOST,"GHOST KATO ADVANCED 27,5, 27,5 ZOLL, ALU, SHIMANO DEORE, 20-G LIGHT GREY/DARK ORANGE",new,mountainbikes,1,Lieferzeit 5-9 Werktage,"36 CM
40 CM
44 CM",https://boc24.de/collections/mountainbikes/products/ghost-kato-advanced-27-5,"899,00",
189,boc-store,de,,CUBE,"CUBE ACCESS WS EAZ, 27,5 ZOLL, ALU, SHIMANO ACERA, 16-G BLUSH'N'SLIVER",new,mountainbikes,1,Lieferzeit 5-9 Werktage,41 CM,https://boc24.de/collections/mountainbikes/products/cube-access-ws-eaz-3,"629,00",
190,boc-store,de,,GHOST,"GHOST RIOT TRAIL ESSENTIAL 29, 29 ZOLL, ALU, SHIMANO XT, 12-G BLACK/BLACK - MATT/GLOSSY",new,mountainbikes,1,Lieferzeit 5-9 Werktage,"44 CM
47 CM",https://boc24.de/collections/mountainbikes/products/ghost-riot-trail-essential-29,"2.799,00",
191,boc-store,de,,BERGAMONT,"BERGAMONT REVOX 5 29, 29 ZOLL, ALU, SHIMANO ALIVIO, 27-G FLAKY PETROL (MATT)",new,mountainbikes,1,Lieferzeit 5-9 Werktage,"45 CM
49 CM
53 CM
57 CM",https://boc24.de/collections/mountainbikes/products/bergamont-revox-5-30,"849,00",
192,boc-store,de,,GHOST,"GHOST LANAO ADVANCED, 27,5 ZOLL, ALU, SHIMANO DEORE, 20-G BLACK/PURPLE",new,mountainbikes,1,Lieferzeit 5-9 Werktage,"36 CM
40 CM
44 CM",https://boc24.de/collections/mountainbikes/products/ghost-lanao-advanced,"649,99","749,00"
193,boc-store,de,,RAYMON,"RAYMON HARDRAY SEVEN 1.5 STREET, 27,5 ZOLL, ALU, TOURNEY, 18-GANG ARMOR/LIME MATT",new,mountainbikes,1,Lieferzeit 5-7 Werktage,"38 CM
42 CM",https://boc24.de/collections/mountainbikes/products/raymon-hardray-seven-1-5-street,"599,00",
194,boc-store,de,,STORCK,"STORCK REBEL RACE.1, 29 ZOLL, CARBON, SRAM SX EAGLE,12-G MATTBLAU",new,mountainbikes,1,Lieferzeit 5-9 Werktage,"40 CM
43 CM
47 CM
52 CM",https://boc24.de/collections/mountainbikes/products/storck-rebel-race-1,"1.999,99",
195,boc-store,de,,CUBE,"CUBE AIM ALLROAD 29, 29 ZOLL, ALU, SHIMANO TOURNEY, 16-G DESERT'N'ORANGE",new,mountainbikes,0,Lieferzeit 5-9 Werktage,,https://boc24.de/collections/mountainbikes/products/cube-aim-allroad-29,"649,00",
196,boc-store,de,,CUBE,"CUBE AIM RACE 29, 29 ZOLL, ALU, SHIMANO ACERA, 16-G BLACK'N'AZURE",new,mountainbikes,1,Lieferzeit 5-9 Werktage,"46 CM
51 CM
56 CM
61 CM",https://boc24.de/collections/mountainbikes/products/cube-aim-race-31,"679,00",
197,boc-store,de,,CUBE,"CUBE AIM RACE 29, 29 ZOLL, ALU, SHIMANO ACERA, 16-G OLIVE'N'BLACK",new,mountainbikes,1,Lieferzeit 5-9 Werktage,"46 CM
51 CM
56 CM
61 CM",https://boc24.de/collections/mountainbikes/products/cube-aim-race-31,"679,00",
198,boc-store,de,,CUBE,"CUBE ACCESS WS EXC 29, 29 ZOLL, ALU, SHIMANO ACERA, 24-G DARKBERRYŽNŽBLACK",new,mountainbikes,1,Lieferzeit 5-9 Werktage,"43 CM
48 CM",https://boc24.de/collections/mountainbikes/products/cube-access-ws-exc-30,"479,99","559,00"
199,boc-store,de,,CUBE,"CUBE AIM SLX ALLROAD 27,5, 27,5 ZOLL, ALU, SHIM. ALIVIO, 18-G GREY'N'BLACK",new,mountainbikes,1,Lieferzeit 5-9 Werktage,"36 CM
41 CM",https://boc24.de/collections/mountainbikes/products/cube-aim-slx-allroad-27-5,"899,00",
200,boc-store,de,,CUBE,"CUBE AIM SLX ALLROAD 27,5, 27,5 ZOLL, ALU, SHIM. ALIVIO, 18-G PETROL'N'BLACK",new,mountainbikes,1,Lieferzeit 5-9 Werktage,"36 CM
41 CM",https://boc24.de/collections/mountainbikes/products/cube-aim-slx-allroad-27-5,"899,00",
201,boc-store,de,,CUBE,"CUBE AIM SL 29, 29 ZOLL, ALU, SHIMANO ALIVIO, 18-G GRAPHITE'N'METAL",new,mountainbikes,1,Lieferzeit 5-9 Werktage,"42 CM
47 CM
51,5 CM
56 CM",https://boc24.de/collections/mountainbikes/products/cube-aim-sl-29,"599,99","749,00"
202,boc-store,de,,CUBE,"CUBE AIM SL 29, 29 ZOLL, ALU, SHIMANO ALIVIO, 18-G PRISMAGREY'N'BLUE'N'RED",new,mountainbikes,1,Lieferzeit 5-9 Werktage,"42 CM
47 CM
51,5 CM
56 CM",https://boc24.de/collections/mountainbikes/products/cube-aim-sl-29,"599,99","749,00"
203,boc-store,de,,CUBE,"CUBE ACCESS WS 29, 29 ZOLL, ALU, SHIMANO TOURNEY, 16-G BLACK'N'BLUE",new,mountainbikes,1,Lieferzeit 5-9 Werktage,"42 CM
47 CM",https://boc24.de/collections/mountainbikes/products/cube-access-ws-29,"439,99","549,00"
204,boc-store,de,,CANNONDALE,"CANNONDALE TRAIL 5, 29 ZOLL, ALU, SHIMANO DEORE, 20-G GRAPHITE",new,mountainbikes,1,Lieferzeit 5-9 Werktage,"44 CM
47 CM
52 CM",https://boc24.de/collections/mountainbikes/products/cannondale-trail-24,"799,99","999,00"
205,boc-store,de,,CANNONDALE,"CANNONDALE TRAIL 5, 29 ZOLL, ALU, SHIMANO DEORE, 20-G RALLY RED",new,mountainbikes,1,Lieferzeit 5-9 Werktage,"44 CM
47 CM
52 CM",https://boc24.de/collections/mountainbikes/products/cannondale-trail-24,"799,99","999,00"
206,boc-store,de,,GHOST,"GHOST NIRVANA TOUR SF ESSENTIAL 29, 29 ZOLL, ALU, SHIMANO XT, 12-G METALLIC KAKI/WARM GREY PEARL",new,mountainbikes,1,Lieferzeit 5-9 Werktage,"47 CM
49 CM",https://boc24.de/collections/mountainbikes/products/ghost-nirvana-tour-sf-essential-29,"1.099,99","1.399,00"
207,boc-store,de,,RAYMON,"RAYMON HARDRAY SEVEN 2.0, 27,5 ZOLL, ALU, TOURNEY, 21-GANG BLACK/LIME MATT",new,mountainbikes,1,Lieferzeit 5-9 Werktage,"42 CM
46 CM",https://boc24.de/collections/mountainbikes/products/raymon-hardray-seven-2-0,"549,99","629,00"
208,boc-store,de,,RAYMON,"RAYMON HARDRAY SEVEN 2.0, 27,5 ZOLL, ALU, TOURNEY, 21-GANG WINE METALLIC/BLACK",new,mountainbikes,1,Lieferzeit 5-9 Werktage,"42 CM
46 CM",https://boc24.de/collections/mountainbikes/products/raymon-hardray-seven-2-0,"549,99","629,00"
209,boc-store,de,,BERGAMONT,"BERGAMONT REVOX 3 EQ 27,5, 27,5 ZOLL, ALU, TOURNEY, 24-GANG CARIBBEAN BLUE (SHINY)",new,mountainbikes,1,Lieferzeit 5-9 Werktage,"36 CM
41 CM
45 CM",https://boc24.de/collections/mountainbikes/products/bergamont-revox-3-eq-27-6,"799,00",
210,boc-store,de,,BERGAMONT,"BERGAMONT REVOX 3 EQ 27,5, 27,5 ZOLL, ALU, TOURNEY, 24-GANG OLIVE BLACK (MATT)",new,mountainbikes,1,Lieferzeit 5-9 Werktage,"36 CM
41 CM
45 CM",https://boc24.de/collections/mountainbikes/products/bergamont-revox-3-eq-27-6,"799,00",
211,boc-store,de,,COMPEL,"COMPEL HT 5.7 W, 27,5 ZOLL, ALU, SHIMANO ACERA, 24-G EISBLAU",new,mountainbikes,1,Lieferzeit 5-9 Werktage,"39 CM
44 CM",https://boc24.de/collections/mountainbikes/products/compel-ht-5-7-w,"487,49","749,99"
212,boc-store,de,,GHOST,"GHOST KATO ESSENTIAL 29, 29 ZOLL, ALU, SHIMANO ACERA, 24-G BABY BLUE PEARL/DARK ORANGE",new,mountainbikes,1,Lieferzeit 5-9 Werktage,"40 CM
44 CM
48 CM
52 CM",https://boc24.de/collections/mountainbikes/products/ghost-kato-essential-30,"699,00",
213,boc-store,de,,GHOST,"GHOST KATO ESSENTIAL 29, 29 ZOLL, ALU, SHIMANO ACERA, 24-G LIGHT GREY/BLACK - MATT",new,mountainbikes,1,Lieferzeit 5-9 Werktage,"40 CM
44 CM
48 CM
52 CM",https://boc24.de/collections/mountainbikes/products/ghost-kato-essential-30,"699,00",
214,boc-store,de,,COMPEL,"COMPEL HT 6.9, 29 ZOLL, ALU, SHIMANO DEORE, 27-G DUNKELBLAU MATT",new,mountainbikes,1,Lieferzeit 5-9 Werktage,"44 CM
48 CM
54 CM",https://boc24.de/collections/mountainbikes/products/compel-ht-6-10,"594,99","849,99"
215,boc-store,de,,MERIDA,"MERIDA BIG.NINE 100 SE, 29 ZOLL, ALU, SHIMANO ALIVIO 18-G GLOSSY TEAL BLUE/LIME",new,mountainbikes,1,Lieferzeit 5-9 Werktage,"43 CM
47 CM",https://boc24.de/collections/mountainbikes/products/merida-big-nine-100-se,"599,99","799,99"
216,boc-store,de,,COMPEL,"COMPEL HT 10.9, 29 ZOLL, ALU, SHIMANO XT, 22-GANG ANTHRAZIT MATT",new,mountainbikes,1,Lieferzeit 5-9 Werktage,"42 CM
48 CM",https://boc24.de/collections/mountainbikes/products/compel-ht-10-10,"979,99","1.399,99"
217,boc-store,de,,CUBE,"CUBE ATTENTION 29, 29 ZOLL, ALU, SHIMANO DEORE, 11-G BURNTORANGE'N'BLACK",new,mountainbikes,1,Lieferzeit 5-9 Werktage,"42 CM
51,5 CM
56 CM",https://boc24.de/collections/mountainbikes/products/cube-attention-29,"949,00",
218,boc-store,de,,CUBE,"CUBE ATTENTION 29, 29 ZOLL, ALU, SHIMANO DEORE, 11-G INDIGOBLACK'N'BLACK",new,mountainbikes,1,Lieferzeit 5-9 Werktage,"42 CM
51,5 CM
56 CM",https://boc24.de/collections/mountainbikes/products/cube-attention-29,"949,00",
219,boc-store,de,,GHOST,"GHOST KATO ESSENTIAL 27,5, 27,5 ZOLL, ALU, SHIMANO ACERA, 24-G BABY BLUE PEARL/DARK ORANGE",new,mountainbikes,1,Lieferzeit 5-9 Werktage,"36 CM
40 CM
44 CM",https://boc24.de/collections/mountainbikes/products/ghost-kato-essential-27-6,"699,00",
220,boc-store,de,,GHOST,"GHOST KATO ESSENTIAL 27,5, 27,5 ZOLL, ALU, SHIMANO ACERA, 24-G LIGHT GREY/BLACK - MATT",new,mountainbikes,1,Lieferzeit 5-9 Werktage,"36 CM
40 CM
44 CM",https://boc24.de/collections/mountainbikes/products/ghost-kato-essential-27-6,"699,00",
221,boc-store,de,,GHOST,"GHOST KATO FS ESSENTIAL 27,5, 27,5 ZOLL, ALU, SRAM GX EAGLE, 12-G BLACK/GREEN BAY METALLIC - MAT",new,mountainbikes,1,Lieferzeit 5-7 Werktage,40 CM,https://boc24.de/collections/mountainbikes/products/ghost-kato-fs-essential-27-5,"1.699,00",
222,boc-store,de,,COMPEL,"COMPEL HT 7.9, 29 ZOLL, ALU, SHIMANO ALIVIO 27-G ANTHRAZIT",new,mountainbikes,1,Lieferzeit 5-9 Werktage,"44 CM
48 CM
54 CM",https://boc24.de/collections/mountainbikes/products/compel-ht-7-9,"699,99","999,99"
223,boc-store,de,,CANNONDALE,"CANNONDALE TRAIL SL 4, 29 ZOLL, ALU, SHIMANO DEORE, 11-G ELECTRIC BLUE",new,mountainbikes,1,Lieferzeit 5-9 Werktage,"44 CM
47 CM",https://boc24.de/collections/mountainbikes/products/cannondale-trail-sl-4,"899,99","1.099,00"
224,boc-store,de,,CANNONDALE,"CANNONDALE TRAIL SL 4, 29 ZOLL, ALU, SHIMANO DEORE, 11-G GREY",new,mountainbikes,1,Lieferzeit 5-9 Werktage,"44 CM
47 CM",https://boc24.de/collections/mountainbikes/products/cannondale-trail-sl-4,"899,99","1.099,00"
225,boc-store,de,,GHOST,"GHOST KATO FS UNIVERSAL 29, 29 ZOLL, ALU, SHIMANO XT, 12-G BLUE GREEN/MONARCH ORANGE - MA",new,mountainbikes,1,Lieferzeit 5-9 Werktage,"42 CM
44 CM
47 CM",https://boc24.de/collections/mountainbikes/products/ghost-kato-fs-universal-2,"1.999,00",
226,boc-store,de,,GHOST,"GHOST KATO UNIVERSAL 29, 29 ZOLL, ALU, SHIMANO ALIVIO, 27-G BLACK/BRIGHT BLUE - GLOSSY",new,mountainbikes,1,Lieferzeit 5-9 Werktage,"40 CM
44 CM
48 CM
52 CM",https://boc24.de/collections/mountainbikes/products/ghost-kato-universal-29,"799,00",
227,boc-store,de,,GHOST,"GHOST KATO UNIVERSAL 29, 29 ZOLL, ALU, SHIMANO ALIVIO, 27-G BLUEGREEN PEARL/AZUR BLUE META",new,mountainbikes,1,Lieferzeit 5-9 Werktage,"40 CM
44 CM
48 CM
52 CM",https://boc24.de/collections/mountainbikes/products/ghost-kato-universal-29,"799,00",
228,boc-store,de,,GHOST,"GHOST NIRVANA 4X, 26 ZOLL, ALU RAW",new,mountainbikes,1,Lieferzeit 5-7 Werktage,34 CM,https://boc24.de/collections/mountainbikes/products/ghost-nirvana-4x,"1.299,00",
229,boc-store,de,,CUBE,"CUBE REACTION PRO 29, 29 ZOLL, ALU, SHIMANO XT, 12-G GREY'N'ORANGE",new,mountainbikes,1,Lieferzeit 5-9 Werktage,"42 CM
51,5 CM",https://boc24.de/collections/mountainbikes/products/cube-reaction-pro-29,"1.299,00",
230,boc-store,de,,BERGAMONT,"BERGAMONT REVOX 4 27,5, 27,5 ZOLL, ALU, SHIMANO ALTUS, 18-G FLAKY BLACK (SHINY)",new,mountainbikes,1,Lieferzeit 5-9 Werktage,"36 CM
41 CM
45 CM",https://boc24.de/collections/mountainbikes/products/bergamont-revox-4-27-6,"649,99","749,00"
231,boc-store,de,,BERGAMONT,"BERGAMONT REVOX 4 27,5, 27,5 ZOLL, ALU, SHIMANO ALTUS, 18-G SUNNY ORANGE (SHINY)",new,mountainbikes,1,Lieferzeit 5-9 Werktage,"36 CM
41 CM
45 CM",https://boc24.de/collections/mountainbikes/products/bergamont-revox-4-27-6,"649,99","749,00"
232,boc-store,de,,CUBE,"CUBE AIM PRO 29, 29 ZOLL, ALU, SHIMANO ACERA, 16-G GREY'N'FLASHYELLOW",new,mountainbikes,1,Lieferzeit 5-9 Werktage,"42 CM
47 CM
51,5 CM
56 CM",https://boc24.de/collections/mountainbikes/products/cube-aim-pro-29,"479,99","599,00"
233,boc-store,de,,CUBE,"CUBE AIM PRO 29, 29 ZOLL, ALU, SHIMANO ACERA, 16-G OLIVE'N'ORANGE",new,mountainbikes,1,Lieferzeit 5-9 Werktage,"42 CM
47 CM
51,5 CM
56 CM",https://boc24.de/collections/mountainbikes/products/cube-aim-pro-29,"479,99","599,00"
234,boc-store,de,,CUBE,"CUBE AIM RACE 29, 29 ZOLL, ALU, SHIMANO ACERA, 16-G BLACK'N'AZURE",new,mountainbikes,1,Lieferzeit 5-9 Werktage,"42 CM
47 CM
51,5 CM
56 CM",https://boc24.de/collections/mountainbikes/products/cube-aim-race-29,"519,99","649,00"
235,boc-store,de,,CUBE,"CUBE AIM RACE 29, 29 ZOLL, ALU, SHIMANO ACERA, 16-G SILVER'N'ORANGE",new,mountainbikes,1,Lieferzeit 5-9 Werktage,"42 CM
47 CM
51,5 CM
56 CM",https://boc24.de/collections/mountainbikes/products/cube-aim-race-29,"519,99","649,00"
236,boc-store,de,,CUBE,"CUBE AIM ALLROAD 27,5, 27,5 ZOLL, ALU, SHIM. TOURNEY, 16-G BLUE'N'RED",new,mountainbikes,1,Lieferzeit 5-9 Werktage,34 CM,https://boc24.de/collections/mountainbikes/products/cube-aim-allroad-27-5,"649,00",
237,boc-store,de,,CUBE,"CUBE AIM ALLROAD 27,5, 27,5 ZOLL, ALU, SHIM. TOURNEY, 16-G DESERT'N'ORANGE",new,mountainbikes,1,Lieferzeit 5-9 Werktage,34 CM,https://boc24.de/collections/mountainbikes/products/cube-aim-allroad-27-5,"649,00",
238,boc-store,de,,COMPEL,"COMPEL HT 4.9, 29 ZOLL, ALU, SHIMANO, 24-GANG DUNKELGRAU MATT",new,mountainbikes,1,Lieferzeit 5-9 Werktage,"45 CM
55 CM",https://boc24.de/collections/mountainbikes/products/compel-ht-4-10,"389,99","649,99"
239,boc-store,de,,CUBE,"CUBE AIM 29, 29 ZOLL, ALU, SHIMANO TOURNEY, 16-G BLACK'N'BLUE",new,mountainbikes,1,Lieferzeit 5-9 Werktage,"42 CM
47 CM
51,5 CM",https://boc24.de/collections/mountainbikes/products/cube-aim-29,"439,99","549,00"
240,boc-store,de,,CUBE,"CUBE AIM 29, 29 ZOLL, ALU, SHIMANO TOURNEY, 16-G GREEN'N'MOSS",new,mountainbikes,1,Lieferzeit 5-9 Werktage,"42 CM
47 CM
51,5 CM",https://boc24.de/collections/mountainbikes/products/cube-aim-29,"439,99","549,00"
241,boc-store,de,,CUBE,"CUBE AIM PRO 27,5, 27,5 ZOLL, ALU, SHIMANO ACERA, 16-G GREY'N'FLASHYELLOW",new,mountainbikes,1,Lieferzeit 5-9 Werktage,"34 CM
37 CM",https://boc24.de/collections/mountainbikes/products/cube-aim-pro-27-5,"479,99","599,00"
242,boc-store,de,,CUBE,"CUBE AIM PRO 27,5, 27,5 ZOLL, ALU, SHIMANO ACERA, 16-G OLIVE'N'ORANGE",new,mountainbikes,1,Lieferzeit 5-9 Werktage,"34 CM
37 CM",https://boc24.de/collections/mountainbikes/products/cube-aim-pro-27-5,"479,99","599,00"
243,boc-store,de,,CUBE,"CUBE AIM 27,5, 27,5 ZOLL, ALU, SHIM. TOURNEY, 16-G BLACK'N'BLUE",new,mountainbikes,1,Lieferzeit 5-9 Werktage,37 CM,https://boc24.de/collections/mountainbikes/products/cube-aim-27-5,"439,99","549,00"
244,boc-store,de,,CUBE,"CUBE AIM RACE ALLROAD 29, 29 ZOLL, ALU, SHIMANO ACERA, 16-G FLASHGREY'N'BLACK",new,mountainbikes,1,Lieferzeit 5-9 Werktage,"46 CM
51 CM
56 CM
61 CM",https://boc24.de/collections/mountainbikes/products/cube-aim-race-allroad-30,"779,00",
245,boc-store,de,,CUBE,"CUBE AIM RACE 29, 29 ZOLL, ALU, SHIMANO ACERA, 24-G BLUEBERRYŽNŽLIME",new,mountainbikes,1,Lieferzeit 5-9 Werktage,"43 CM
48 CM",https://boc24.de/collections/mountainbikes/products/cube-aim-race-30,"449,99","529,00"
246,boc-store,de,,CUBE,"CUBE AIM SL ALLROAD 29, 29 ZOLL, ALU, SHIMANO ALIVIO, 18-G GREY'N'BLACK",new,mountainbikes,1,Lieferzeit 5-9 Werktage,"42 CM
47 CM",https://boc24.de/collections/mountainbikes/products/cube-aim-sl-allroad-29,"849,00",
247,boc-store,de,,CUBE,"CUBE AIM SL ALLROAD 29, 29 ZOLL, ALU, SHIMANO ALIVIO, 18-G TEAL'N'BLACK",new,mountainbikes,1,Lieferzeit 5-9 Werktage,"42 CM
47 CM",https://boc24.de/collections/mountainbikes/products/cube-aim-sl-allroad-29,"849,00",
248,boc-store,de,,CUBE,"CUBE ACCESS WS ALLROAD 27,5, 27,5 ZOLL, ALU, SHIM. TOURNEY, 16-G AIRYMINT'N'BLACK",new,mountainbikes,1,Lieferzeit 5-9 Werktage,37 CM,https://boc24.de/collections/mountainbikes/products/cube-access-ws-allroad-27-5,"649,00",
249,boc-store,de,,GHOST,"GHOST NIRVANA TOUR SF 29, 29 ZOLL, ALU, SRAM SX EAGLE, 12-G LIGHT GREY PEARL/DARK GREY - G",new,mountainbikes,1,Lieferzeit 5-9 Werktage,"44 CM
47 CM
49 CM",https://boc24.de/collections/mountainbikes/products/ghost-nirvana-tour-sf-29,"999,99","1.299,00"
250,boc-store,de,,GHOST,"GHOST KATO ESSENTIAL 29, 29 ZOLL, ALU, SHIMANO ACERA, 24-G BLUE/BLACK/GRAY",new,mountainbikes,1,Lieferzeit 5-9 Werktage,44 CM,https://boc24.de/collections/mountainbikes/products/ghost-kato-essential-29,"469,99","549,00"
251,boc-store,de,,GHOST,"GHOST KATO ESSENTIAL 29, 29 ZOLL, ALU, SHIMANO ACERA, 24-G RED/BLACK/GRAY",new,mountainbikes,1,Lieferzeit 5-9 Werktage,44 CM,https://boc24.de/collections/mountainbikes/products/ghost-kato-essential-29,"469,99","549,00"
252,boc-store,de,,GHOST,"GHOST KATO ADVANCED 29, 29 ZOLL, ALU, SHIMANO DEORE, 20-G GREEN/BLUE",new,mountainbikes,1,Lieferzeit 5-9 Werktage,"40 CM
44 CM
48 CM
52 CM",https://boc24.de/collections/mountainbikes/products/ghost-kato-advanced-29,"649,99","749,00"
253,boc-store,de,,GHOST,"GHOST KATO ADVANCED 29, 29 ZOLL, ALU, SHIMANO DEORE, 20-G SILVER/GREY/ORANGE",new,mountainbikes,1,Lieferzeit 5-9 Werktage,"40 CM
44 CM
48 CM
52 CM",https://boc24.de/collections/mountainbikes/products/ghost-kato-advanced-29,"649,99","749,00"
254,boc-store,de,,COMPEL,"COMPEL HT 4.7, 27,5 ZOLL, ALU, SHIMANO, 24-GANG DUNKELGRAU MATT",new,mountainbikes,1,Lieferzeit 5-9 Werktage,"40 CM
45 CM
50 CM",https://boc24.de/collections/mountainbikes/products/compel-ht-4-7,"389,99","649,99"
