,shop_name,language,year,brand,modell,condition,category_shop,stock_status,stock_text,stock_sizes,url-detail,price,rrp
0,fahrrad-sale,de,2023,Bulls-Bikes,Bulls Copperhead FSX 2 29 . 2023,new,Mountainbikes,1,Lieferzeit: ausverkauft,"S = 40 cm | Körpergrösse 162 - 172 cm
M = 44 cm | Körpergrösse 170 - 180 cm
L = 48 cm | Körpergrösse 175 - 185 cm
XL = 51 cm | Körpergrösse 185 - 195 cm",https://www.fahrrad-sale.de/Fahrrad/Mountainbikes/29er/bulls-copperhead-fsx-2-29-2023.html,"2.599,00","3.199,00"
1,fahrrad-sale,de,2022,Bulls-Bikes,Bulls Sharptail 2 Disc grau - 2022,new,Mountainbikes,1,Lieferzeit: 3 6 Tage / im Laden vorr tig,"41 cm | 160 - 170 cm (Bulls)
46 cm | ca. 170 - 180 cm (Bulls)
51 cm | 180 - 190 cm (Bulls)
56 cm | ab 190 cm (Bulls)",https://www.fahrrad-sale.de/Fahrrad/Mountainbikes/27-5-Zoll/Bulls-Sharptail-2-Disc-grau.html,"699,00","799,95"
2,fahrrad-sale,de,2022,KTM,KTM Maranello Light Disc wave . 2022,new,Trekking,1,Lieferzeit: ausverkauft,"46 cm | Körpergrösse 155 - 169 cm (Trekking)
51 cm | Körpergrösse 170 - 179 cm (Trekking)
56 cm | Körpergrösse 175 - 184 cm (Trekking)",https://www.fahrrad-sale.de/Fahrrad/Trekking/Damen/ktm-maranello-light-disc-wa-schwarz-2022.html,"1.699,00","1.899,00"
3,fahrrad-sale,de,2022,Bulls-Bikes,Bulls Tokee 20 lila - 2022,new,Kinder-Fahrraeder,1,Lieferzeit: 3 6 Tage / im Laden vorr tig,20 Zoll | Körpergrösse 120 - 130 cm,https://www.fahrrad-sale.de/Fahrrad/Kinder-Fahrraeder/Kinderrad-20-/Bulls-Tokee-20-lila.html,"449,00","549,95"
4,fahrrad-sale,de,2022,KTM,KTM Avenza 30 Disc Wave schwarz . 2022,new,Trekking,1,Lieferzeit: von ausverkauft bis 3 6 Tage / im Laden vorr tig,"46 cm | Körpergrösse 155 - 169 cm (Trekking)
51 cm | Körpergrösse 170 - 179 cm (Trekking)
56 cm | Körpergrösse 175 - 184 cm (Trekking)",https://www.fahrrad-sale.de/Fahrrad/Trekking/Damen/ktm-avenza-30-disc-wave-sw.html,"1.049,00","1.149,00"
5,fahrrad-sale,de,2023,Bulls-Bikes,Bulls Grinder 4 Herren . 2023,new,gravelbike,1,Lieferzeit: ausverkauft,"XS / 45cm = Köpergröße 160 - 170 cm
S / 47cm = Köpergröße 165 - 175 cm
M / 51 cm = Köpergröße 175 - 185 cm
L / 55 cm = Köpergröße 180 - 190 cm",https://www.fahrrad-sale.de/Fahrrad/gravelbike/bulls-grinder-4-herren-2023.html,"1.999,00",
6,fahrrad-sale,de,2022,Bulls-Bikes,Bulls Sharptail Street 2 29 blau - 2022,new,Mountainbikes,1,Lieferzeit: von ausverkauft bis 3 6 Tage / im Laden vorr tig,"41 cm | 160 - 170 cm (Bulls)
46 cm | ca. 170 - 180 cm (Bulls)
51 cm | 180 - 190 cm (Bulls)
56 cm | ab 190 cm (Bulls)",https://www.fahrrad-sale.de/Fahrrad/Mountainbikes/29er/Bulls-Sharptail-Street-2-29-blau.html,"649,00","749,95"
7,fahrrad-sale,de,2022,Bulls-Bikes,Bulls Zarena Street 1 weiss - 2022,new,Mountainbikes,1,Lieferzeit: 3 6 Tage / im Laden vorr tig,"37 cm | 150 - 160 cm (Bulls)
41 cm | 160 - 170 cm (Bulls)
46 cm | ca. 170 - 180 cm (Bulls)
51 cm | 180 - 190 cm (Bulls)",https://www.fahrrad-sale.de/Fahrrad/Mountainbikes/Damen-39/bulls-zarena-street-1-weiss-2022.html,"649,00","749,95"
8,fahrrad-sale,de,2023,Bulls-Bikes,Bulls Copperhead FSX 1 29 . 2023,new,Mountainbikes,1,Lieferzeit: ausverkauft,"S = 40 cm | Körpergrösse 162 - 172 cm
M = 44 cm | Körpergrösse 170 - 180 cm
L = 48 cm | Körpergrösse 175 - 185 cm
XL = 51 cm | Körpergrösse 185 - 195 cm",https://www.fahrrad-sale.de/Fahrrad/Mountainbikes/29er/bulls-copperhead-fsx-1-29-2023.html,"2.299,00","2.899,00"
9,fahrrad-sale,de,,Pegasus,Arcona Alu ND FG 24 Herren schwarz,new,ATB-Jugendraeder,1,Lieferzeit: 3 6 Tage / im Laden vorr tig,24 Zoll | Körpergrösse 140 - 150 cm,https://www.fahrrad-sale.de/Fahrrad/ATB-Jugendraeder/Kettenschaltung/arcona-alu-nd-fg-24-herren-schwarz.html,"349,95","399,95"
10,fahrrad-sale,de,2022,Bulls-Bikes,Bulls Zarena 2 grau - 2022,new,Mountainbikes,1,Lieferzeit: 3 6 Tage / im Laden vorr tig,"37 cm | 150 - 160 cm (Bulls)
41 cm | 160 - 170 cm (Bulls)
46 cm | ca. 170 - 180 cm (Bulls)
51 cm | 180 - 190 cm (Bulls)",https://www.fahrrad-sale.de/Fahrrad/Mountainbikes/Damen-39/Bulls-Zarena-2-grau.html,"749,00","849,95"
11,fahrrad-sale,de,2022,KTM,KTM Avenza Cross Street Trapez schwarz . 2022,new,Crossbike,1,Lieferzeit: 3 6 Tage / im Laden vorr tig,56 cm | Körpergrösse 175 - 184 cm (Trekking),https://www.fahrrad-sale.de/Fahrrad/Crossbike/Damen-30/ktm-avenza-cross-street-trapez-schwarz-2022.html,"1.049,00","1.149,00"
12,fahrrad-sale,de,2022,Bulls-Bikes,Bulls Tokee Street 24 schwarz - 2022,new,Kinder-Fahrraeder,1,Lieferzeit: 3 6 Tage / im Laden vorr tig,24 Zoll | Körpergrösse 140 - 150 cm,https://www.fahrrad-sale.de/Fahrrad/Kinder-Fahrraeder/24-Zoll/Bulls-Tokee-Street-24-schwarz.html,"529,00","629,95"
13,fahrrad-sale,de,2022,Bulls-Bikes,"Bulls Nandi weiss 27,5"" - 2022",new,Mountainbikes,1,Lieferzeit: 3 6 Tage / im Laden vorr tig,"37 cm | 150 - 160 cm (Bulls)
41 cm | 160 - 170 cm (Bulls)
46 cm | ca. 170 - 180 cm (Bulls)
51 cm | 180 - 190 cm (Bulls)",https://www.fahrrad-sale.de/Fahrrad/Mountainbikes/27-5-Zoll/Bulls-Nandi-weiss-27-5-.html,"549,00","649,95"
14,fahrrad-sale,de,2022,Bulls-Bikes,Bulls Zarena Street 1 grau matt - 2022,new,Mountainbikes,1,Lieferzeit: 3 6 Tage / im Laden vorr tig,"37 cm | ca. 140 - 153 cm
41 cm | ca. 155 - 168 cm
46 cm | ca. 170 - 185 cm
51 cm | ca. 178 - 188 cm",https://www.fahrrad-sale.de/Fahrrad/Mountainbikes/Damen-39/zarena-st-1-da27-gr-mtb-24k.html,"649,00","749,95"
15,fahrrad-sale,de,2022,Pegasus,Pegasus Avanti 7 pink 26 Wave - 2022,new,ATB-Jugendraeder,1,Lieferzeit: 3 6 Tage / im Laden vorr tig,"38 cm | ca. 138 - 145 cm
44 cm | ca. 145 - 153 cm
50 cm | ca. 150 - 158 cm",https://www.fahrrad-sale.de/Fahrrad/ATB-Jugendraeder/Nabenschaltung/avanti-7-26-pink-wave-r.html,"499,00","599,95"
16,fahrrad-sale,de,2019,Arcona,Arcona Sante City wave grau 7G - 2019,new,Cityfahrrad,1,Lieferzeit: ausverkauft,"45 cm | Körpergrösse 150 - 160 cm
50 cm | Körpergrösse 160 - 170 cm
55 cm | Körpergrösse 175 - 185 cm",https://www.fahrrad-sale.de/Fahrrad/Cityfahrrad/Damen-26/sante-city-wave-grau-7g-2019.html,"599,00","599,00"
17,fahrrad-sale,de,2019,Bulls-Bikes,Bulls Sharptail Street 1 trapez 7G weiss - 2019,new,ATB-Jugendraeder,1,Lieferzeit: von ausverkauft bis 3 6 Tage / im Laden vorr tig,"41 cm | 160 - 170 cm (Bulls)
46 cm | ca. 170 - 180 cm (Bulls)
51 cm | 180 - 190 cm (Bulls)",https://www.fahrrad-sale.de/Fahrrad/ATB-Jugendraeder/Nabenschaltung/sharptail-street-1-26-trapez-weiss-atb-2019.html,"549,00","649,95"
18,fahrrad-sale,de,2022,Bulls-Bikes,Bulls Tokee Street 24 grün - 2022,new,Kinder-Fahrraeder,1,Lieferzeit: 3 6 Tage / im Laden vorr tig,24 Zoll | Körpergrösse 140 - 150 cm,https://www.fahrrad-sale.de/Fahrrad/Kinder-Fahrraeder/24-Zoll/Bulls-Tokee-Street-24-gruen.html,"529,00","629,95"
19,fahrrad-sale,de,2022,Bulls-Bikes,Bulls Sharptail Street 2 29 grün - 2022,new,Mountainbikes,1,Lieferzeit: von ausverkauft bis 3 6 Tage / im Laden vorr tig,"41 cm | 160 - 170 cm (Bulls)
46 cm | ca. 170 - 180 cm (Bulls)
51 cm | 180 - 190 cm (Bulls)
56 cm | ab 190 cm (Bulls)",https://www.fahrrad-sale.de/Fahrrad/Mountainbikes/29er/Bulls-Sharptail-Street-2-29-gruen.html,"649,00","749,95"
20,fahrrad-sale,de,,Pegasus,Pegasus Avanti 18 24 Zoll Jungen dunkelblau,new,Kinder-Fahrraeder,1,Lieferzeit: 3 6 Tage / im Laden vorr tig,24 Zoll | Körpergrösse 140 - 150 cm,https://www.fahrrad-sale.de/Fahrrad/Kinder-Fahrraeder/24-Zoll/Pegasus-Avanti-18G-24--Herren-dunkelblau-2020.html,"399,95","649,95"
21,fahrrad-sale,de,2022,Bulls-Bikes,Bulls Crossbike 1 trapez schwarz - 2022,new,Crossbike,1,Lieferzeit: 3 6 Tage / im Laden vorr tig,"44 cm | Körpergrösse 150 -160 cm
48 cm | Körpergrösse 160 - 170 cm
54 cm | Körpergrösse 170 - 180 cm",https://www.fahrrad-sale.de/Fahrrad/Crossbike/Damen-30/Bulls-Crossbike-1-trapez-schwarz.html,"649,95","749,95"
22,fahrrad-sale,de,2021,Pegasus,Pegasus Piazza 7 Herren schwarz - 2021,new,Cityfahrrad,1,Lieferzeit: von ausverkauft bis 3 6 Tage / im Laden vorr tig,"48 cm | Körpergrösse 160 - 170 cm
53 cm | Körpergrösse 170 - 180 cm
58 cm | Körpergrösse 180 - 190 cm
61 cm | Körpergrösse ab 190 cm",https://www.fahrrad-sale.de/Fahrrad/Cityfahrrad/Herren-25/pegasus-piazza-7-herren-schwarz-2021.html,"599,00","749,95"
23,fahrrad-sale,de,2022,Ghost,Ghost Road Rage Sram Rival Gravel . 2022,new,fahrrad-2022,1,Lieferzeit: 3 6 Tage / im Laden vorr tig,"46 cm
50 cm
55 cm",https://www.fahrrad-sale.de/Fahrrad/fahrrad-2022/ghost-road-rage-sram-rival-gravel-2022.html,"2.299,00",
24,fahrrad-sale,de,2022,Bulls-Bikes,Bulls Sharptail Street 2 27.5 grau - 2022,new,Mountainbikes,1,Lieferzeit: 3 6 Tage / im Laden vorr tig,"41 cm | 160 - 170 cm (Bulls)
46 cm | ca. 170 - 180 cm (Bulls)
51 cm | 180 - 190 cm (Bulls)
56 cm | ab 190 cm (Bulls)",https://www.fahrrad-sale.de/Fahrrad/Mountainbikes/27-5-Zoll/Bulls-Sharptail-Street-2-27-5-grau.html,"649,00","749,95"
25,fahrrad-sale,de,2022,Bulls-Bikes,"Bulls Sharptail Street 1 27,5 Damen weiss - 2022",new,Mountainbikes,1,Lieferzeit: von ausverkauft bis 3 6 Tage / im Laden vorr tig,"41 cm | 160 - 170 cm (Bulls)
46 cm | ca. 170 - 180 cm (Bulls)
51 cm | 180 - 190 cm (Bulls)",https://www.fahrrad-sale.de/Fahrrad/Mountainbikes/27-5-Zoll/Bulls-Sharptail-Street-1-27-5-Damen-weiss.html,"549,00","649,95"
26,fahrrad-sale,de,2022,Bulls-Bikes,Bulls Sharptail Street 24 grau 7G . 2022,new,Kinder-Fahrraeder,1,Lieferzeit: ausverkauft,24 Zoll | Körpergrösse ab 130 cm,https://www.fahrrad-sale.de/Fahrrad/Kinder-Fahrraeder/24-Zoll/bulls-sharptail-street-24-grau-7g-2.html,"599,00","699,95"
27,fahrrad-sale,de,2019,Bulls-Bikes,Bulls Sharptail Street 1 trapez grau 7G - 2019,new,ATB-Jugendraeder,1,Lieferzeit: von ausverkauft bis 3 6 Tage / im Laden vorr tig,"41 cm | 160 - 170 cm (Bulls)
46 cm | ca. 170 - 180 cm (Bulls)
51 cm | 180 - 190 cm (Bulls)",https://www.fahrrad-sale.de/Fahrrad/ATB-Jugendraeder/Nabenschaltung/sharptail-street-1-26-trapez-grau-atb-2019.html,"549,00","649,95"
28,fahrrad-sale,de,2022,Bulls-Bikes,Bulls Wildtail 1 Disc 29 schwarz - 2022,new,Mountainbikes,1,Lieferzeit: 3 6 Tage / im Laden vorr tig,"41 cm | 160 - 170 cm (Bulls)
46 cm | ca. 170 - 180 cm (Bulls)
51 cm | 180 - 190 cm (Bulls)
56 cm | ab 190 cm (Bulls)",https://www.fahrrad-sale.de/Fahrrad/Mountainbikes/29er/Bulls-Wildtail-1-disc-29-schwarz.html,"549,00","649,95"
29,fahrrad-sale,de,2021,Pegasus,Pegasus Avanti Sport trapez weiß - 2021,new,Trekking,1,Lieferzeit: ausverkauft,"45 cm | Körpergrösse 150 - 160 cm
50 cm | Körpergrösse 160 - 170 cm
53 cm | Körpergrösse 170 - 180 cm
58 cm | Körpergrösse 180 - 190 cm",https://www.fahrrad-sale.de/Fahrrad/Trekking/Damen/pegasus-avanti-sport-trapez-weiss-2021.html,"399,00","649,95"
30,fahrrad-sale,de,2022,Pegasus,Pegasus Piazza 21 Wave black matt - 2022,new,Trekking,1,Lieferzeit: 3 6 Tage / im Laden vorr tig,"45 cm | Körpergrösse 150 - 160 cm
50 cm | Körpergrösse 160 - 170 cm
55 cm | Körpergrösse 175 - 185 cm",https://www.fahrrad-sale.de/Fahrrad/Trekking/Damen/pegasus-piazza-21-wave-black-matt-22.html,"549,00","649,95"
31,fahrrad-sale,de,2022,Bulls-Bikes,Bulls Wildtail Street 26 Zoll grau - 2022,new,ATB-Jugendraeder,1,Lieferzeit: 3 6 Tage / im Laden vorr tig,"37 cm | 150 - 160 cm (Bulls)
41 cm | 160 - 170 cm (Bulls)
46 cm | ca. 170 - 180 cm (Bulls)",https://www.fahrrad-sale.de/Fahrrad/ATB-Jugendraeder/Kettenschaltung/Bulls-Wildtail-Street-26-Zoll-grau.html,"499,00","599,95"
32,fahrrad-sale,de,2022,Pegasus,Pegasus Avanti 3 weiß 24 Zoll Wave - 2022,new,Kinder-Fahrraeder,1,Lieferzeit: 3 6 Tage / im Laden vorr tig,24 Zoll | Körpergrösse 140 - 150 cm,https://www.fahrrad-sale.de/Fahrrad/Kinder-Fahrraeder/24-Zoll/Pegasus-Avanti-3-24-weiss-wave.html,"449,00","549,95"
33,fahrrad-sale,de,2022,Pegasus,Pegasus Avanti 7 schwarz 26 Zoll - 2022,new,ATB-Jugendraeder,1,Lieferzeit: von ausverkauft bis 3 6 Tage / im Laden vorr tig,"38 cm | ca. 138 - 145 cm
44 cm | ca. 145 - 153 cm",https://www.fahrrad-sale.de/Fahrrad/ATB-Jugendraeder/Nabenschaltung/pegasus-avanti-7-schwarz-26-zoll-2022.html,"499,00","599,95"
34,fahrrad-sale,de,2023,Pegasus,Pegasus Avanti 7 Wave schwarz . 2023,new,Kinder-Fahrraeder,1,Lieferzeit: ausverkauft,,https://www.fahrrad-sale.de/Fahrrad/Kinder-Fahrraeder/Pegasus-Avanti-7-Wave-schwarz.html,"549,00","649,95"
35,fahrrad-sale,de,2022,Bulls-Bikes,Bulls Sharptail Street 3 29 silber - 2022,new,Mountainbikes,1,Lieferzeit: von ausverkauft bis 3 6 Tage / im Laden vorr tig,"41 cm | 160 - 170 cm (Bulls)
46 cm | ca. 170 - 180 cm (Bulls)
51 cm | 180 - 190 cm (Bulls)
56 cm | ab 190 cm (Bulls)
60 cm | ab 200 cm (Bulls)",https://www.fahrrad-sale.de/Fahrrad/Mountainbikes/29er/Bulls-Sharptail-Street-3-29-silber.html,"749,00","849,95"
36,fahrrad-sale,de,2022,Ghost,Ghost Square Trekking Base w . 2022,new,Trekking,1,Lieferzeit: 3 6 Tage / im Laden vorr tig,48 cm | ca. 160 - 170 cm,https://www.fahrrad-sale.de/Fahrrad/Trekking/Damen/ghost-square-trekking-base-w-2022.html,"899,00",
37,fahrrad-sale,de,2019,Arcona,Arcona 1949 7G wave cream mit Korb - 2019,new,Cityfahrrad,1,Lieferzeit: von ausverkauft bis 3 6 Tage / im Laden vorr tig,"45 cm | ca. 153 - 165 cm
50 cm | ca. 167 - 174 cm
55 cm | ca. 177 - 191 cm",https://www.fahrrad-sale.de/Fahrrad/Cityfahrrad/Damen-26/arcona-1949-7g-wave-creme-korb-2019.html,"499,00","649,95"
38,fahrrad-sale,de,2022,Bulls-Bikes,Bulls Sharptail Street 24 grau 7G - 2022,new,Kinder-Fahrraeder,1,Lieferzeit: 3 6 Tage / im Laden vorr tig,24 Zoll | Körpergrösse 140 - 150 cm,https://www.fahrrad-sale.de/Fahrrad/Kinder-Fahrraeder/24-Zoll/bulls-sharptail-street-24-grau-7g.html,"599,00","699,95"
39,fahrrad-sale,de,2022,Bulls-Bikes,"Bulls Wildtail 1 Disc 27,5 emerald grün - 2022",new,Mountainbikes,1,Lieferzeit: von ausverkauft bis 3 6 Tage / im Laden vorr tig,"41 cm | 160 - 170 cm (Bulls)
46 cm | ca. 170 - 180 cm (Bulls)
51 cm | 180 - 190 cm (Bulls)
56 cm | ab 190 cm (Bulls)",https://www.fahrrad-sale.de/Fahrrad/Mountainbikes/27-5-Zoll/wildtail-1-disc-gr-275.html,"549,00","649,95"
40,fahrrad-sale,de,2022,Pegasus,Pegasus Solero SL 7 Wave rot - 2022,new,Cityfahrrad,1,Lieferzeit: 3 6 Tage / im Laden vorr tig,"43 cm - 26 Zoll | Körpergrösse 150 - 160 cm
45 cm | Körpergrösse 150 - 160 cm
50 cm | Körpergrösse 160 - 170 cm
55 cm | Körpergrösse 175 - 185 cm",https://www.fahrrad-sale.de/Fahrrad/Cityfahrrad/Damen-26/Pegasus-Solero-SL-7-Wave-rot.html,"649,00","799,95"
41,fahrrad-sale,de,2022,Bulls-Bikes,Bulls Sharptail Street 3 29 grün - 2022,new,Mountainbikes,1,Lieferzeit: von ausverkauft bis 3 6 Tage / im Laden vorr tig,"41 cm | 160 - 170 cm (Bulls)
46 cm | ca. 170 - 180 cm (Bulls)
51 cm | 180 - 190 cm (Bulls)
56 cm | ab 190 cm (Bulls)
60 cm | ab 200 cm (Bulls)",https://www.fahrrad-sale.de/Fahrrad/Mountainbikes/29er/Bulls-Sharptail-Street-3-29-gruen.html,"749,00","849,95"
42,fahrrad-sale,de,2022,Pegasus,Pegasus Piazza 21 trapez schwarz - 2022,new,Trekking,1,Lieferzeit: 3 6 Tage / im Laden vorr tig,"45 cm | Körpergrösse 150 - 160 cm
50 cm | Körpergrösse 160 - 170 cm
55 cm | Körpergrösse 175 - 185 cm
60 cm | Körpergrösse ab 190 cm",https://www.fahrrad-sale.de/Fahrrad/Trekking/Damen/pegasus-piazza-21-trapez-black-matt-22.html,"549,00","649,95"
43,fahrrad-sale,de,2021,KTM,KTM Loreto Cross Herren - 2021,new,Crossbike,1,Lieferzeit: von ausverkauft bis 3 6 Tage / im Laden vorr tig,"46 cm | Körpergrösse 155 - 169 cm (Trekking)
51 cm | Körpergrösse 170 - 179 cm (Trekking)
56 cm | Körpergrösse 175 - 184 cm (Trekking)
60 cm | Körpergrösse 185 - 194 cm (Trekking)",https://www.fahrrad-sale.de/Fahrrad/Crossbike/Herren-31/KTM-Loreto-Cross-Herren---2021.html,"1.749,00","1.949,00"
44,fahrrad-sale,de,2022,Pegasus,Pegasus Avanti 7 grün 26 Zoll - 2022,new,ATB-Jugendraeder,1,Lieferzeit: 3 6 Tage / im Laden vorr tig,"38 cm | ca. 138 - 145 cm
44 cm | ca. 145 - 153 cm",https://www.fahrrad-sale.de/Fahrrad/ATB-Jugendraeder/Nabenschaltung/Pegasus-Avanti-7-gruen-26-Zoll.html,"499,00","599,95"
45,fahrrad-sale,de,2022,Bulls-Bikes,"Bulls Nandi Street 27,5 mint matt - 2022",new,Mountainbikes,1,Lieferzeit: von ausverkauft bis 3 6 Tage / im Laden vorr tig,"37 cm | 150 - 160 cm (Bulls)
41 cm | 160 - 170 cm (Bulls)
46 cm | ca. 170 - 180 cm (Bulls)
51 cm | 180 - 190 cm (Bulls)",https://www.fahrrad-sale.de/Fahrrad/Mountainbikes/Damen-39/bulls-nandi-street-27-mi.html,"549,00","649,95"
46,fahrrad-sale,de,2022,Pegasus,Pegasus Avanti 7 schwarz 24 Zoll Wave - 2022,new,Kinder-Fahrraeder,1,Lieferzeit: 3 6 Tage / im Laden vorr tig,24 Zoll | Körpergrösse 140 - 150 cm,https://www.fahrrad-sale.de/Fahrrad/Kinder-Fahrraeder/24-Zoll/pegasus-avanti-7-24-schwarz-wave-r.html,"499,00","599,95"
47,fahrrad-sale,de,2022,Bulls-Bikes,Bulls Tokee Lite 18 Diamant blau - 2022,new,Kinder-Fahrraeder,1,Lieferzeit: 3 6 Tage / im Laden vorr tig,18 Zoll | Körpergrösse 110 - 120 cm,https://www.fahrrad-sale.de/Fahrrad/Kinder-Fahrraeder/18-zoll/Bulls-Tokee-Lite-18-Diamant-blau.html,"349,95","449,95"
48,fahrrad-sale,de,2022,Pegasus,Pegasus Avanti 7 rot 24 Zoll Wave - 2022,new,Kinder-Fahrraeder,1,Lieferzeit: 3 6 Tage / im Laden vorr tig,24 Zoll | Körpergrösse 140 - 150 cm,https://www.fahrrad-sale.de/Fahrrad/Kinder-Fahrraeder/24-Zoll/Pegasus-Avanti-7-rot-24-Zoll-Wave.html,"499,00","599,95"
49,fahrrad-sale,de,2022,Pegasus,Pegasus Premio SL Disc 27 Herren grau . 2022,new,Trekking,1,Lieferzeit: von ausverkauft bis 3 6 Tage / im Laden vorr tig,"45 cm | Körpergrösse 150 - 160 cm
50 cm | Körpergrösse 160 - 170 cm
55 cm | Körpergrösse 175 - 185 cm
60 cm | Körpergrösse ab 190 cm",https://www.fahrrad-sale.de/Fahrrad/Trekking/Pegasus-Premio-SL-Disc-27-Herren-grau.html,"1.059,00","1.279,00"
50,fahrrad-sale,de,2022,Bulls-Bikes,Bulls Sharptail 2 Disc blau - 2022,new,Mountainbikes,1,Lieferzeit: 3 6 Tage / im Laden vorr tig,"41 cm | 160 - 170 cm (Bulls)
46 cm | ca. 170 - 180 cm (Bulls)
51 cm | 180 - 190 cm (Bulls)
56 cm | ab 190 cm (Bulls)",https://www.fahrrad-sale.de/Fahrrad/Mountainbikes/27-5-Zoll/Bulls-Sharptail-2-Disc-blau.html,"699,00","799,95"
51,fahrrad-sale,de,2022,Bulls-Bikes,"Bulls Copperhead 3 27,5 black rainbow - 2022",new,Mountainbikes,1,Lieferzeit: ausverkauft,"41 cm | 160 - 170 cm (Bulls)
46 cm | ca. 170 - 180 cm (Bulls)
51 cm | 180 - 190 cm (Bulls)
56 cm | ab 190 cm (Bulls)
ohne
Hinterbauständer Bulls 40mm + 24,95 EUR
ohne
SKS Shockblade + X-Blade (Art.8150) + 33,14 EUR
Bulls Wildcard Set (Art.2x682) + 15,60 EUR
2x schlamm:PE orange + 23,30 EUR
2x schlamm:PE green + 23,30 EUR
2x schlamm:PE blue + 23,30 EUR
2x schlamm:PE red + 23,30 EUR
2x schlamm:PE stickerbomb + 23,30 EUR",https://www.fahrrad-sale.de/Fahrrad/Mountainbikes/27-5-Zoll/copperhead-3-275-rainb-22.html,"ab 1.199,00","1.399,00"
52,fahrrad-sale,de,2022,Pegasus,Pegasus Piazza 21 Wave ice blue - 2022,new,Trekking,1,Lieferzeit: von ausverkauft bis 3 6 Tage / im Laden vorr tig,"45 cm | Körpergrösse 150 - 160 cm
50 cm | Körpergrösse 160 - 170 cm
55 cm | Körpergrösse 175 - 185 cm",https://www.fahrrad-sale.de/Fahrrad/Trekking/Damen/pegasus-piazza-21-wave-ice-blue-22.html,"549,00","649,95"
53,fahrrad-sale,de,2022,Pegasus,Pegasus Avanti 7 weiß 26 Wave - 2022,new,ATB-Jugendraeder,1,Lieferzeit: von ausverkauft bis 3 6 Tage / im Laden vorr tig,"38 cm | ca. 138 - 145 cm
44 cm | ca. 145 - 153 cm
50 cm | ca. 150 - 158 cm",https://www.fahrrad-sale.de/Fahrrad/ATB-Jugendraeder/Nabenschaltung/avanti-7-26-ws-wave-r.html,"499,00","599,95"
54,fahrrad-sale,de,2022,Bulls-Bikes,Bulls Zarena 1 grau - 2022,new,Mountainbikes,1,Lieferzeit: 3 6 Tage / im Laden vorr tig,"37 cm | 150 - 160 cm (Bulls)
41 cm | 160 - 170 cm (Bulls)
46 cm | ca. 170 - 180 cm (Bulls)
51 cm | 180 - 190 cm (Bulls)",https://www.fahrrad-sale.de/Fahrrad/Mountainbikes/Damen-39/Bulls-Zarena-1-grau.html,"649,00","749,95"
55,fahrrad-sale,de,2021,Pegasus,Pegasus Piazza 21 trapez weiss - 2021,new,Trekking,1,Lieferzeit: von ausverkauft bis 3 6 Tage / im Laden vorr tig,"45 cm | Körpergrösse 150 - 160 cm
50 cm | Körpergrösse 160 - 170 cm
53 cm | Körpergrösse 170 - 180 cm
58 cm | Körpergrösse 180 - 190 cm",https://www.fahrrad-sale.de/Fahrrad/Trekking/Damen/piazza-21-schwarz-weiss-trap.html,"549,00","649,95"
56,fahrrad-sale,de,2022,Bulls-Bikes,Bulls Tokee Street 24 lila - 2022,new,Kinder-Fahrraeder,1,Lieferzeit: 3 6 Tage / im Laden vorr tig,24 Zoll | Körpergrösse 140 - 150 cm,https://www.fahrrad-sale.de/Fahrrad/Kinder-Fahrraeder/24-Zoll/Bulls-Tokee-Street-24-lila.html,"529,00","629,95"
57,fahrrad-sale,de,2022,Bulls-Bikes,Bulls Wildcross Street trapez schwarz - 2022,new,Crossbike,1,Lieferzeit: 3 6 Tage / im Laden vorr tig,"44 cm | Körpergrösse 150 -160 cm
48 cm | Körpergrösse 160 - 170 cm
54 cm | Körpergrösse 170 - 180 cm",https://www.fahrrad-sale.de/Fahrrad/Crossbike/Damen-30/Bulls-Wildcross-street-trapez-schwarz.html,"649,95","749,95"
58,fahrrad-sale,de,2022,Pegasus,Pegasus Solero SL Disc 24 trapez grau - 2022,new,Trekking,1,Lieferzeit: 3 6 Tage / im Laden vorr tig,"45 cm | Körpergrösse 150 - 160 cm
50 cm | Körpergrösse 160 - 170 cm
55 cm | Körpergrösse 175 - 185 cm
60 cm | Körpergrösse ab 190 cm",https://www.fahrrad-sale.de/Fahrrad/Trekking/Damen/pegasus-solero-sl-disc-24-tra-gr.html,"749,95","899,95"
59,fahrrad-sale,de,2022,Pegasus,Pegasus Avanti 18 Herren 26 schwarz - 2022,new,ATB-Jugendraeder,1,Lieferzeit: 3 6 Tage / im Laden vorr tig,"38 cm | ca. 138 - 145 cm
44 cm | ca. 145 - 153 cm
50 cm | ca. 150 - 158 cm",https://www.fahrrad-sale.de/Fahrrad/ATB-Jugendraeder/Kettenschaltung/Pegasus-Avanti-18-Herren-26--schwarz.html,"449,00","549,95"
60,fahrrad-sale,de,2021,Puky,Puky Youke 16 Alu blau - 2021,new,Kinder-Fahrraeder,1,Lieferzeit: 3 6 Tage / im Laden vorr tig,16 Zoll | Körpergrösse 100 - 110 cm,https://www.fahrrad-sale.de/Fahrrad/Kinder-Fahrraeder/16-zoll/puky-youke-16-bl.html,"279,99",
61,fahrrad-sale,de,2021,Ghost,Ghost Lector FS LC Essential . 2021,new,Mountainbikes,1,Lieferzeit: von ausverkauft bis 3 6 Tage / im Laden vorr tig,"M = 46 cm
S = 44 cm",https://www.fahrrad-sale.de/Fahrrad/Mountainbikes/29er/ghost-lector-fs-lc-essential.html,"3.699,00",
62,fahrrad-sale,de,2022,Bulls-Bikes,"Bulls  Copperhead 3 27,5 schwarz - 2022",new,Mountainbikes,1,Lieferzeit: ausverkauft,"41 cm | 160 - 170 cm (Bulls)
46 cm | ca. 170 - 180 cm (Bulls)
51 cm | 180 - 190 cm (Bulls)
56 cm | ab 190 cm (Bulls)",https://www.fahrrad-sale.de/Fahrrad/Mountainbikes/27-5-Zoll/copperhead-3-275-schwarz-2021.html,"1.199,00","1.399,00"
63,fahrrad-sale,de,2022,Pegasus,Pegasus Premio SL Disc 27 trapez blau . 2022,new,Trekking,1,Lieferzeit: von ausverkauft bis 3 6 Tage / im Laden vorr tig,"45 cm | Körpergrösse 150 - 160 cm
50 cm | Körpergrösse 160 - 170 cm
55 cm | Körpergrösse 175 - 185 cm
60 cm | Körpergrösse ab 190 cm",https://www.fahrrad-sale.de/Fahrrad/Trekking/Pegasus-Premio-SL-Disc-27-trapez-blau.html,"1.059,00","1.279,00"
64,fahrrad-sale,de,2021,Bulls-Bikes,Bulls Sharptail Street 1 7NR weiß - 2021,new,ATB-Jugendraeder,1,Lieferzeit: 3 6 Tage / im Laden vorr tig,41 cm | 160 - 170 cm (Bulls),https://www.fahrrad-sale.de/Fahrrad/ATB-Jugendraeder/Nabenschaltung/sharptail-street-1-weiss-2021.html,"599,00","749,95"
65,fahrrad-sale,de,2022,Pegasus,Pegasus Solero SL 24 Wave rot - 2022,new,Trekking,1,Lieferzeit: 3 6 Tage / im Laden vorr tig,"45 cm | Körpergrösse 150 - 160 cm
50 cm | Körpergrösse 160 - 170 cm
55 cm | Körpergrösse 175 - 185 cm",https://www.fahrrad-sale.de/Fahrrad/Trekking/Damen/pegasus-solero-sl-24-wave-rot-2022.html,"649,95","799,95"
66,fahrrad-sale,de,2022,Pegasus,Pegasus Piazza 21 trapez ice blue - 2022,new,Trekking,1,Lieferzeit: 3 6 Tage / im Laden vorr tig,"45 cm | Körpergrösse 150 - 160 cm
50 cm | Körpergrösse 160 - 170 cm
55 cm | Körpergrösse 175 - 185 cm
60 cm | Körpergrösse ab 190 cm",https://www.fahrrad-sale.de/Fahrrad/Trekking/Damen/pegasus-piazza-21-trapez-ice-bl-22.html,"549,00","649,95"
67,fahrrad-sale,de,2022,Bulls-Bikes,"Bulls Sharptail 3 Disc 27.5"" silber - 2022",new,Mountainbikes,1,Lieferzeit: 3 6 Tage / im Laden vorr tig,"41 cm | 160 - 170 cm (Bulls)
46 cm | ca. 170 - 180 cm (Bulls)
51 cm | 180 - 190 cm (Bulls)
56 cm | ab 190 cm (Bulls)",https://www.fahrrad-sale.de/Fahrrad/Mountainbikes/27-5-Zoll/Bulls-Sharptail-3-Disc-27-5--silber.html,"749,00","849,95"
68,fahrrad-sale,de,2022,Bulls-Bikes,Bulls Sharptail Street 24 schwarz 7G - 2022,new,Kinder-Fahrraeder,1,Lieferzeit: 3 6 Tage / im Laden vorr tig,24 Zoll | Körpergrösse 140 - 150 cm,https://www.fahrrad-sale.de/Fahrrad/Kinder-Fahrraeder/24-Zoll/bulls-sharptail-street-24-7-sw-bl.html,"599,00","699,95"
69,fahrrad-sale,de,2022,Pegasus,Pegasus Avanti 18 - 26 lime . 2022,new,ATB-Jugendraeder,1,Lieferzeit: von ausverkauft bis 3 6 Tage / im Laden vorr tig,"38 cm | ca. 138 - 145 cm
44 cm | ca. 145 - 153 cm
50 cm | ca. 150 - 158 cm",https://www.fahrrad-sale.de/Fahrrad/ATB-Jugendraeder/Kettenschaltung/pegasus-avanti-18-26-gelb-2022.html,"449,00","549,95"
70,fahrrad-sale,de,2022,Bulls-Bikes,Bulls Tokee 26 schwarz - 2022,new,ATB-Jugendraeder,1,Lieferzeit: 3 6 Tage / im Laden vorr tig,32 cm | 140 - 150 cm (Bulls),https://www.fahrrad-sale.de/Fahrrad/ATB-Jugendraeder/Kettenschaltung/Bulls-Tokee-26-schwarz.html,"549,00","649,95"
71,fahrrad-sale,de,2022,Pegasus,Pegasus Avanti 18 schwarz 24 Zoll - 2022,new,Kinder-Fahrraeder,1,Lieferzeit: 3 6 Tage / im Laden vorr tig,24 Zoll | Körpergrösse 140 - 150 cm,https://www.fahrrad-sale.de/Fahrrad/Kinder-Fahrraeder/24-Zoll/Pegasus-Avanti-18-schwarz-24-Zoll.html,"449,00","549,95"
72,fahrrad-sale,de,2020,Pegasus,Pegasus Piazza Tour 7 petrol - 2020,new,Cityfahrrad,1,Lieferzeit: von ausverkauft bis 3 6 Tage / im Laden vorr tig,"45 cm | ca. 153 - 165 cm
50 cm | ca. 167 - 174 cm
55 cm | ca. 177 - 191 cm",https://www.fahrrad-sale.de/Fahrrad/Cityfahrrad/Damen-26/pegasus-piazza-tour-7-petrol-2020.html,"649,95","799,95"
73,fahrrad-sale,de,2022,Bulls-Bikes,"Bulls Copperhead 3 27,5 weiss - 2022",new,Mountainbikes,1,Lieferzeit: ausverkauft,"41 cm | 160 - 170 cm (Bulls)
46 cm | ca. 170 - 180 cm (Bulls)
51 cm | 180 - 190 cm (Bulls)
56 cm | ab 190 cm (Bulls)
ohne
Hinterbauständer Bulls 40mm + 24,95 EUR",https://www.fahrrad-sale.de/Fahrrad/Mountainbikes/27-5-Zoll/bulls-copperhead-3-275-bl-gr.html,"ab 1.199,00","1.399,00"
74,fahrrad-sale,de,2022,Pegasus,Pegasus Premio SL Disc 27 Damen grau . 2022,new,Trekking,1,Lieferzeit: 3 6 Tage / im Laden vorr tig,"45 cm | Körpergrösse 150 - 160 cm
50 cm | Körpergrösse 160 - 170 cm
55 cm | Körpergrösse 175 - 185 cm",https://www.fahrrad-sale.de/Fahrrad/Trekking/Pegasus-Premio-SL-Disc-27-Damen-grau.html,"1.059,00","1.279,00"
75,fahrrad-sale,de,2022,Pegasus,Pegasus Solero SL 24 trapez rot - 2022,new,Trekking,1,Lieferzeit: 3 6 Tage / im Laden vorr tig,"45 cm | Körpergrösse 150 - 160 cm
50 cm | Körpergrösse 160 - 170 cm
55 cm | Körpergrösse 175 - 185 cm
60 cm | Körpergrösse ab 190 cm",https://www.fahrrad-sale.de/Fahrrad/Trekking/Damen/pegasus-solero-sl-24-trapez-rot-2022.html,"649,00","799,95"
76,fahrrad-sale,de,2022,Pegasus,Pegasus Solero SL 7 Trapez blau - 2022,new,Cityfahrrad,1,Lieferzeit: von ausverkauft bis 3 6 Tage / im Laden vorr tig,"45 cm | Körpergrösse 150 - 160 cm
50 cm | Körpergrösse 160 - 170 cm
55 cm | Körpergrösse 175 - 185 cm
60 cm | Körpergrösse ab 190 cm",https://www.fahrrad-sale.de/Fahrrad/Cityfahrrad/Damen-26/Pegasus-Solero-SL-7-Trapez-blau.html,"649,00","799,95"
77,fahrrad-sale,de,2022,Bulls-Bikes,Bulls Tokee Street 24 grau - 2022,new,Kinder-Fahrraeder,1,Lieferzeit: 3 6 Tage / im Laden vorr tig,24 Zoll | Körpergrösse 140 - 150 cm,https://www.fahrrad-sale.de/Fahrrad/Kinder-Fahrraeder/24-Zoll/Bulls-Tokee-Street-24-grau.html,"529,00","629,95"
78,fahrrad-sale,de,2022,Bulls-Bikes,"Bulls Nandi weiss 26"" - 2022",new,Mountainbikes,1,Lieferzeit: von ausverkauft bis 3 6 Tage / im Laden vorr tig,"37 cm | 150 - 160 cm (Bulls)
41 cm | 160 - 170 cm (Bulls)
46 cm | ca. 170 - 180 cm (Bulls)
51 cm | 180 - 190 cm (Bulls)",https://www.fahrrad-sale.de/Fahrrad/Mountainbikes/26-Zoll/Bulls-Nandi-weiss-26-.html,"549,00","649,95"
79,fahrrad-sale,de,2022,Bulls-Bikes,Bulls Tokee 24 schwarz - 2022,new,Kinder-Fahrraeder,1,Lieferzeit: 3 6 Tage / im Laden vorr tig,24 Zoll | Körpergrösse 140 - 150 cm,https://www.fahrrad-sale.de/Fahrrad/Kinder-Fahrraeder/24-Zoll/Bulls-Tokee-24-schwarz.html,"549,00","649,95"
80,fahrrad-sale,de,2022,KTM,KTM Avenza Cross Street Trapez . 2022,new,Crossbike,1,Lieferzeit: von ausverkauft bis 3 6 Tage / im Laden vorr tig,"46 cm
51 cm
56 cm",https://www.fahrrad-sale.de/Fahrrad/Crossbike/Damen-30/ktm-avenza-cross-street-tra.html,"1.049,00","1.149,00"
81,fahrrad-sale,de,2021,Puky,Puky Steel 12 pink - 2021,new,Kinder-Fahrraeder,1,Lieferzeit: ausverkauft,12 Zoll | Körpergrösse 90 - 105 cm,https://www.fahrrad-sale.de/Fahrrad/Kinder-Fahrraeder/12-zoll/puky-steel-12-pi.html,"219,99",
82,fahrrad-sale,de,2022,Pegasus,Pegasus Piazza 21 Herren steel blue - 2022,new,Trekking,1,Lieferzeit: 3 6 Tage / im Laden vorr tig,"45 cm | Körpergrösse 150 - 160 cm
50 cm | Körpergrösse 160 - 170 cm
55 cm | Körpergrösse 175 - 185 cm
60 cm | Körpergrösse ab 190 cm",https://www.fahrrad-sale.de/Fahrrad/Trekking/Herren/pegasus-piazza-21-hr-steel-blue-22.html,"549,00","649,95"
83,fahrrad-sale,de,2021,Puky,Puky Youke 18 Alu grün - 2021,new,Kinder-Fahrraeder,1,Lieferzeit: ausverkauft,18 Zoll | Körpergrösse 110 - 120 cm,https://www.fahrrad-sale.de/Fahrrad/Kinder-Fahrraeder/18-zoll/puky-youke-18-alu-gruen-2021.html,"289,99",
84,fahrrad-sale,de,2022,Pegasus,Pegasus Piazza 21 Wave weiß - 2022,new,Trekking,1,Lieferzeit: 3 6 Tage / im Laden vorr tig,"45 cm | Körpergrösse 150 - 160 cm
50 cm | Körpergrösse 160 - 170 cm
55 cm | Körpergrösse 175 - 185 cm",https://www.fahrrad-sale.de/Fahrrad/Trekking/Damen/pegasus-piazza-21-wave-weiss-22.html,"549,00","649,95"
85,fahrrad-sale,de,2022,Pegasus,Pegasus Solero SL 24 Wave hellgrau - 2022,new,Trekking,1,Lieferzeit: 3 6 Tage / im Laden vorr tig,"45 cm | Körpergrösse 150 - 160 cm
50 cm | Körpergrösse 160 - 170 cm
55 cm | Körpergrösse 175 - 185 cm",https://www.fahrrad-sale.de/Fahrrad/Trekking/Damen/pegasus-solero-sl-24-wave-hellg.html,"649,95","799,95"
86,fahrrad-sale,de,2022,Bulls-Bikes,"Bulls Sharptail 2 Disc 29"" schwarz - 2022",new,Mountainbikes,1,Lieferzeit: von ausverkauft bis 3 6 Tage / im Laden vorr tig,"41 cm | 160 - 170 cm (Bulls)
46 cm | ca. 170 - 180 cm (Bulls)
51 cm | 180 - 190 cm (Bulls)
56 cm | ab 190 cm (Bulls)",https://www.fahrrad-sale.de/Fahrrad/Mountainbikes/29er/Bulls-Sharptail-2-Disc-29--schwarz.html,"699,00","799,95"
87,fahrrad-sale,de,2022,Pegasus,Pegasus Avanti 7 Wave metallic lime - 2022,new,Cityfahrrad,1,Lieferzeit: 3 6 Tage / im Laden vorr tig,"45 cm | Körpergrösse 150 - 160 cm
50 cm | Körpergrösse 160 - 170 cm
55 cm | Körpergrösse 175 - 185 cm",https://www.fahrrad-sale.de/Fahrrad/Cityfahrrad/Damen-26/avanti-7-28-wave-7g-ruecktritt.html,"499,00","599,95"
88,fahrrad-sale,de,2022,Bulls-Bikes,Bulls Tokee Street 24 3-Gang grün - 2022,new,Kinder-Fahrraeder,1,Lieferzeit: 3 6 Tage / im Laden vorr tig,24 Zoll | Körpergrösse 140 - 150 cm,https://www.fahrrad-sale.de/Fahrrad/Kinder-Fahrraeder/24-Zoll/Bulls-Tokee-Street-24-3-Gang-gruen.html,"529,00","629,95"
89,fahrrad-sale,de,2022,Bulls-Bikes,Bulls Tokee Street 24 blau - 2022,new,Kinder-Fahrraeder,1,Lieferzeit: 3 6 Tage / im Laden vorr tig,24 Zoll | Körpergrösse 140 - 150 cm,https://www.fahrrad-sale.de/Fahrrad/Kinder-Fahrraeder/24-Zoll/Bulls-Tokee-Street-24-blau.html,"529,00","629,95"
90,fahrrad-sale,de,2022,Pegasus,Pegasus Solero SL 7 Trapez rot - 2022,new,Cityfahrrad,1,Lieferzeit: von ausverkauft bis 3 6 Tage / im Laden vorr tig,"45 cm | Körpergrösse 150 - 160 cm
50 cm | Körpergrösse 160 - 170 cm
55 cm | Körpergrösse 175 - 185 cm
60 cm | Körpergrösse ab 190 cm",https://www.fahrrad-sale.de/Fahrrad/Cityfahrrad/Damen-26/Pegasus-Solero-SL-7-Trapez-rot.html,"649,00","799,95"
91,fahrrad-sale,de,2023,Bulls-Bikes,Bulls Wildtail Street light trapez light blue . 2023,new,ATB-Jugendraeder,1,Lieferzeit: ausverkauft,"Körpergröße: 150-165 cm (XS = 37cm)
Körpergröße: 160-175 cm (S)",https://www.fahrrad-sale.de/Fahrrad/ATB-Jugendraeder/Kettenschaltung/bulls-wildtail-street-light-trapez-light-bl.html,"549,00","649,95"
92,fahrrad-sale,de,2022,Pegasus,Pegasus Solero SL Disc 24 trapez schwarz - 2022,new,Trekking,1,Lieferzeit: von ausverkauft bis 3 6 Tage / im Laden vorr tig,"45 cm | Körpergrösse 150 - 160 cm
50 cm | Körpergrösse 160 - 170 cm
55 cm | Körpergrösse 175 - 185 cm
60 cm | Körpergrösse ab 190 cm",https://www.fahrrad-sale.de/Fahrrad/Trekking/Damen/pegasus-solero-sl-disc-24-trapez-schwarz-2022.html,"749,95","899,95"
93,fahrrad-sale,de,2021,Pegasus,Pegasus Opero SL 24 wave grau - 2021,new,Trekking,1,Lieferzeit: von ausverkauft bis 3 6 Tage / im Laden vorr tig,"45 cm | Körpergrösse 150 - 160 cm
50 cm | Körpergrösse 160 - 170 cm
55 cm | Körpergrösse 175 - 185 cm",https://www.fahrrad-sale.de/Fahrrad/Trekking/Damen/pegasus-opero-sl-24-wave-grau-2021.html,"777,00","1.099,95"
94,fahrrad-sale,de,2022,Pegasus,Pegasus Piazza 21 trapez weiss - 2022,new,Trekking,1,Lieferzeit: 3 6 Tage / im Laden vorr tig,"45 cm | Körpergrösse 150 - 160 cm
50 cm | Körpergrösse 160 - 170 cm
55 cm | Körpergrösse 175 - 185 cm
60 cm | Körpergrösse ab 190 cm",https://www.fahrrad-sale.de/Fahrrad/Trekking/Damen/pegasus-piazza-21-trapez-weiss-22.html,"549,00","649,95"
95,fahrrad-sale,de,,Pegasus,Pegasus Piazza Tour 7 weiß,new,Cityfahrrad,1,Lieferzeit: 3 6 Tage / im Laden vorr tig,"45 cm | Körpergrösse 150 - 160 cm
50 cm | Körpergrösse 160 - 170 cm",https://www.fahrrad-sale.de/Fahrrad/Cityfahrrad/Damen-26/pegasus-piazza-tour-7-weiss.html,"649,00","799,95"
96,fahrrad-sale,de,2022,Bulls-Bikes,"Bulls Sharptail 2 Disc 29"" blau - 2022",new,Mountainbikes,1,Lieferzeit: 3 6 Tage / im Laden vorr tig,"41 cm | 160 - 170 cm (Bulls)
46 cm | ca. 170 - 180 cm (Bulls)
51 cm | 180 - 190 cm (Bulls)
56 cm | ab 190 cm (Bulls)",https://www.fahrrad-sale.de/Fahrrad/Mountainbikes/29er/Bulls-Sharptail-2-Disc-29--blau.html,"699,00","799,95"
97,fahrrad-sale,de,2022,Pegasus,Pegasus Avanti Sport 18 grün 24 Zoll - 2022,new,Kinder-Fahrraeder,1,Lieferzeit: 3 6 Tage / im Laden vorr tig,24 Zoll | Körpergrösse 140 - 150 cm,https://www.fahrrad-sale.de/Fahrrad/Kinder-Fahrraeder/24-Zoll/Pegasus-Avanti-Sport-18-gruen-24-Zoll.html,"449,00","549,95"
98,fahrrad-sale,de,2022,Pegasus,Pegasus Solero SL 24 Herren hellgrau - 2022,new,Trekking,1,Lieferzeit: 3 6 Tage / im Laden vorr tig,"45 cm | Körpergrösse 150 - 160 cm
50 cm | Körpergrösse 160 - 170 cm
55 cm | Körpergrösse 175 - 185 cm
60 cm | Körpergrösse ab 190 cm",https://www.fahrrad-sale.de/Fahrrad/Trekking/Herren/pegasus-solero-sl-24-hr-hellg.html,"649,95","799,95"
99,fahrrad-sale,de,2022,Pegasus,Pegasus Piazza 7 trapez weiss - 2022,new,Cityfahrrad,1,Lieferzeit: 3 6 Tage / im Laden vorr tig,"45 cm | Körpergrösse 150 - 160 cm
50 cm | Körpergrösse 160 - 170 cm
55 cm | Körpergrösse 175 - 185 cm",https://www.fahrrad-sale.de/Fahrrad/Cityfahrrad/Damen-26/pegasus-piazza-7-trapez-ws.html,"599,00","749,95"
100,fahrrad-sale,de,2022,Bulls-Bikes,Bulls Zarena Street 24 weiss 7G - 2022,new,Kinder-Fahrraeder,1,Lieferzeit: 3 6 Tage / im Laden vorr tig,24 Zoll | Körpergrösse 140 - 150 cm,https://www.fahrrad-sale.de/Fahrrad/Kinder-Fahrraeder/24-Zoll/bulls-zarena-street-24-wei-7G.html,"699,95","799,95"
101,fahrrad-sale,de,2022,Bulls-Bikes,Bulls Tokee Lite 20 blau - 2022,new,Kinder-Fahrraeder,1,Lieferzeit: 3 6 Tage / im Laden vorr tig,20 Zoll | Körpergrösse 120 - 130 cm,https://www.fahrrad-sale.de/Fahrrad/Kinder-Fahrraeder/Kinderrad-20-/Bulls-Tokee-Lite-20-blau.html,"549,00","649,95"
102,fahrrad-sale,de,2022,Pegasus,Pegasus Solero SL 24 Herren schwarz - 2022,new,Trekking,1,Lieferzeit: 3 6 Tage / im Laden vorr tig,"45 cm | Körpergrösse 150 - 160 cm
50 cm | Körpergrösse 160 - 170 cm
55 cm | Körpergrösse 175 - 185 cm
60 cm | Körpergrösse ab 190 cm",https://www.fahrrad-sale.de/Fahrrad/Trekking/Herren/pegasus-solero-sl-24-hr-sw-rt.html,"649,95","799,95"
103,fahrrad-sale,de,2022,Pegasus,Pegasus Solero SL 7 Trapez schwarz - 2022,new,Cityfahrrad,1,Lieferzeit: 3 6 Tage / im Laden vorr tig,"45 cm | Körpergrösse 150 - 160 cm
50 cm | Körpergrösse 160 - 170 cm
60 cm | Körpergrösse ab 190 cm",https://www.fahrrad-sale.de/Fahrrad/Cityfahrrad/Damen-26/Pegasus-Solero-SL-7-Trapez-schwarz.html,"649,00","799,95"
104,fahrrad-sale,de,2022,Bulls-Bikes,"Bulls Nandi blau 26"" - 2022",new,Mountainbikes,1,Lieferzeit: von ausverkauft bis 3 6 Tage / im Laden vorr tig,"37 cm | 150 - 160 cm (Bulls)
41 cm | 160 - 170 cm (Bulls)
46 cm | ca. 170 - 180 cm (Bulls)
51 cm | 180 - 190 cm (Bulls)",https://www.fahrrad-sale.de/Fahrrad/Mountainbikes/26-Zoll/Bulls-Nandi-blau-26-.html,"549,00","649,95"
105,fahrrad-sale,de,2023,Bulls-Bikes,Bulls Wildtail Street light trapez light emerald . 2023,new,ATB-Jugendraeder,1,Lieferzeit: ausverkauft,"Körpergröße: 150-165 cm (XS = 37cm)
Körpergröße: 160-175 cm (S)",https://www.fahrrad-sale.de/Fahrrad/ATB-Jugendraeder/Kettenschaltung/bulls-wildtail-street-light-trapez-light-eme.html,"549,00","649,95"
106,fahrrad-sale,de,2021,Pegasus,Pegasus Piazza 21 trapez grau - 2021,new,Trekking,1,Lieferzeit: von ausverkauft bis 3 6 Tage / im Laden vorr tig,"45 cm | Körpergrösse 150 - 160 cm
50 cm | Körpergrösse 160 - 170 cm
53 cm | Körpergrösse 170 - 180 cm
58 cm | Körpergrösse 180 - 190 cm",https://www.fahrrad-sale.de/Fahrrad/Trekking/Damen/piazza-21-28-trapez-grau-2019.html,"549,00","649,95"
107,fahrrad-sale,de,2022,Pegasus,Pegasus Avanti 18 blau 24 Zoll - 2022,new,Kinder-Fahrraeder,1,Lieferzeit: 3 6 Tage / im Laden vorr tig,24 Zoll | Körpergrösse 140 - 150 cm,https://www.fahrrad-sale.de/Fahrrad/Kinder-Fahrraeder/24-Zoll/avanti-18-knaben-blau-24.html,"449,00","549,95"
108,fahrrad-sale,de,2022,Pegasus,Pegasus Solero SL Disc 24 hellgrau - 2022,new,Trekking,1,Lieferzeit: von ausverkauft bis 3 6 Tage / im Laden vorr tig,"45 cm | Körpergrösse 150 - 160 cm
50 cm | Körpergrösse 160 - 170 cm
55 cm | Körpergrösse 175 - 185 cm
60 cm | Körpergrösse ab 190 cm",https://www.fahrrad-sale.de/Fahrrad/Trekking/Herren/pegasus-solero-sl-disc-24-hellgrau-2022.html,"749,95","899,95"
109,fahrrad-sale,de,2022,Ghost,Ghost Kato 29 schwarz . 2022,new,Mountainbikes,1,Lieferzeit: 3 6 Tage / im Laden vorr tig,"40 cm
44 cm
48 cm
52 cm",https://www.fahrrad-sale.de/Fahrrad/Mountainbikes/29er/ghost-kato-29-schwarz.html,"599,00",
110,fahrrad-sale,de,2022,Bulls-Bikes,Bulls Tokee Lite 20 rot - 2022,new,Kinder-Fahrraeder,1,Lieferzeit: 3 6 Tage / im Laden vorr tig,20 Zoll | Körpergrösse 120 - 130 cm,https://www.fahrrad-sale.de/Fahrrad/Kinder-Fahrraeder/Kinderrad-20-/Bulls-Tokee-Lite-20-rot.html,"549,00","649,95"
111,fahrrad-sale,de,2020,Pegasus,Pegasus Solero SL 24 trapez weiß - 2020,new,Trekking,1,Lieferzeit: von ausverkauft bis 3 6 Tage / im Laden vorr tig,"45 cm | Körpergrösse 150 - 160 cm
50 cm | Körpergrösse 160 - 170 cm
53 cm | Körpergrösse 170 - 180 cm
58 cm | Körpergrösse 180 - 190 cm",https://www.fahrrad-sale.de/Fahrrad/Trekking/Damen/solero-sl-24-trapez-weiss-20.html,"549,00","799,95"
112,fahrrad-sale,de,2021,Bulls-Bikes,Bulls Wildcross Street Damen weiß - 2021,new,Crossbike,1,Lieferzeit: von ausverkauft bis 3 6 Tage / im Laden vorr tig,"44 cm | Körpergrösse 150 -160 cm
48 cm | Körpergrösse 160 - 170 cm
54 cm | Körpergrösse 170 - 180 cm",https://www.fahrrad-sale.de/Fahrrad/Crossbike/Damen-30/Bulls-Wildcross-weiss-2021.html,"649,95","699,95"
113,fahrrad-sale,de,2020,Pegasus,Pegasus Solero SL 24 trapez lime - 2020,new,Cityfahrrad,1,Lieferzeit: von ausverkauft bis 3 6 Tage / im Laden vorr tig,"45 cm | Körpergrösse 150 - 160 cm
50 cm | Körpergrösse 160 - 170 cm
53 cm | Körpergrösse 170 - 180 cm
58 cm | Körpergrösse 180 - 190 cm",https://www.fahrrad-sale.de/Fahrrad/Cityfahrrad/Damen-26/solero-sl-7-trapez-lime-2019.html,"649,00","799,95"
114,fahrrad-sale,de,2022,Ghost,Ghost Kato 29 mint . 2022,new,Mountainbikes,1,Lieferzeit: 3 6 Tage / im Laden vorr tig,52 cm,https://www.fahrrad-sale.de/Fahrrad/Mountainbikes/29er/ghost-kato-29-mint-2022.html,"599,00",
115,fahrrad-sale,de,2022,Pegasus,Pegasus Strong SL 27 Damen - 2022,new,Trekking,1,Lieferzeit: 3 6 Tage / im Laden vorr tig,"50 cm | Körpergrösse 160 - 170 cm
55 cm | Körpergrösse 175 - 185 cm
60 cm | Körpergrösse ab 190 cm",https://www.fahrrad-sale.de/Fahrrad/Trekking/Damen/Pegasus-Strong-SL-27-Damen.html,"1.199,00",
116,fahrrad-sale,de,2022,Pegasus,Pegasus Avanti 3 schwarz 20 Zoll - 2022,new,Kinder-Fahrraeder,1,Lieferzeit: 3 6 Tage / im Laden vorr tig,20 Zoll | Körpergrösse 120 - 130 cm,https://www.fahrrad-sale.de/Fahrrad/Kinder-Fahrraeder/Kinderrad-20-/Pegasus-Avanti-3-schwarz-20-Zoll.html,"449,00","549,95"
117,fahrrad-sale,de,2022,KTM,KTM X-Life Action trapez . 2022,new,Crossbike,1,Lieferzeit: 3 6 Tage / im Laden vorr tig,"46 cm | Körpergrösse 155 - 169 cm (Trekking)
51 cm | Körpergrösse 170 - 179 cm (Trekking)
56 cm | Körpergrösse 175 - 184 cm (Trekking)",https://www.fahrrad-sale.de/Fahrrad/Crossbike/Damen-30/ktm-x-life-action-trapez-2022.html,"1.099,00","1.249,00"
118,fahrrad-sale,de,2022,Bulls-Bikes,Bulls Sharptail Street 2 27.5 schwarz - 2022,new,Mountainbikes,1,Lieferzeit: 3 6 Tage / im Laden vorr tig,"41 cm | 160 - 170 cm (Bulls)
46 cm | ca. 170 - 180 cm (Bulls)
51 cm | 180 - 190 cm (Bulls)
56 cm | ab 190 cm (Bulls)",https://www.fahrrad-sale.de/Fahrrad/Mountainbikes/27-5-Zoll/Bulls-Sharptail-Street-2-27-5-schwarz.html,"649,00","749,95"
119,fahrrad-sale,de,2022,Ghost,Ghost Kato 27.5 schwarz . 2022,new,Mountainbikes,1,Lieferzeit: 3 6 Tage / im Laden vorr tig,"36 cm
40 cm
44 cm",https://www.fahrrad-sale.de/Fahrrad/Mountainbikes/27-5-Zoll/ghost-kato-27-5-light-schwarz-2022.html,"599,00",
120,fahrrad-sale,de,2022,Bulls-Bikes,Bulls Crossbike Street trapez lavendel. 2022,new,Crossbike,1,Lieferzeit: 3 6 Tage / im Laden vorr tig,"44 cm
48 cm
54 cm",https://www.fahrrad-sale.de/Fahrrad/Crossbike/Damen-30/bulls-crossbike-street-trapez-lavendel-2022.html,"749,00","849,95"
121,fahrrad-sale,de,2022,Bulls-Bikes,Bulls Tokee Street 20 blau - 2022,new,Kinder-Fahrraeder,1,Lieferzeit: 3 6 Tage / im Laden vorr tig,20 Zoll | Körpergrösse 120 - 130 cm,https://www.fahrrad-sale.de/Fahrrad/Kinder-Fahrraeder/Kinderrad-20-/Bulls-Tokee-Street-20-blau.html,"529,00","629,95"
122,fahrrad-sale,de,2021,Pegasus,Pegasus Solero SL 7 Wave lime - 2021,new,Cityfahrrad,1,Lieferzeit: von ausverkauft bis 3 6 Tage / im Laden vorr tig,"45 cm | Körpergrösse 150 - 160 cm
50 cm | Körpergrösse 160 - 170 cm
55 cm | Körpergrösse 175 - 185 cm",https://www.fahrrad-sale.de/Fahrrad/Cityfahrrad/Damen-26/solero-sl-7-wave-lime-2019.html,"649,00","799,95"
123,fahrrad-sale,de,2020,Pegasus,Pegasus Solero SL 24 trapez schwarz - 2020,new,Trekking,1,Lieferzeit: von ausverkauft bis 3 6 Tage / im Laden vorr tig,"45 cm | Körpergrösse 150 - 160 cm
50 cm | Körpergrösse 160 - 170 cm
53 cm | Körpergrösse 170 - 180 cm
58 cm | Körpergrösse 180 - 190 cm",https://www.fahrrad-sale.de/Fahrrad/Trekking/Damen/Pegasus-Solero-SL-24-schwarz-2020.html,"649,95","799,95"
124,fahrrad-sale,de,2022,Bulls-Bikes,Bulls Sharptail Street 2 27.5 grün - 2022,new,Mountainbikes,1,Lieferzeit: 3 6 Tage / im Laden vorr tig,"41 cm | 160 - 170 cm (Bulls)
46 cm | ca. 170 - 180 cm (Bulls)
51 cm | 180 - 190 cm (Bulls)
56 cm | ab 190 cm (Bulls)",https://www.fahrrad-sale.de/Fahrrad/Mountainbikes/27-5-Zoll/Bulls-Sharptail-Street-2-27-5-gruen.html,"649,00","749,95"
125,fahrrad-sale,de,2021,Puky,Puky Youke 12 blau - 2021,new,Kinder-Fahrraeder,1,Lieferzeit: 3 6 Tage / im Laden vorr tig,12 Zoll | Körpergrösse 90 - 105 cm,https://www.fahrrad-sale.de/Fahrrad/Kinder-Fahrraeder/12-zoll/puky-youke-12-blau-2021.html,"259,99",
126,fahrrad-sale,de,2021,Bulls-Bikes,Bulls Wildcross trapez weiß - 2021,new,Crossbike,1,Lieferzeit: von ausverkauft bis 3 6 Tage / im Laden vorr tig,"44 cm | Körpergrösse 150 -160 cm
48 cm | Körpergrösse 160 - 170 cm
54 cm | Körpergrösse 170 - 180 cm",https://www.fahrrad-sale.de/Fahrrad/Crossbike/Damen-30/wildcross-mint-crossbike-2019.html,"549,00","599,95"
127,fahrrad-sale,de,2022,Pegasus,Pegasus Solero SL 24 Wave schwarz - 2022,new,Trekking,1,Lieferzeit: 3 6 Tage / im Laden vorr tig,"45 cm | Körpergrösse 150 - 160 cm
50 cm | Körpergrösse 160 - 170 cm
55 cm | Körpergrösse 175 - 185 cm",https://www.fahrrad-sale.de/Fahrrad/Trekking/Damen/pegasus-solero-sl-24-wave-schw.html,"649,95","799,95"
128,fahrrad-sale,de,2022,Pegasus,Pegasus Avanti 3 rot 20 Wave - 2022,new,Kinder-Fahrraeder,1,Lieferzeit: 3 6 Tage / im Laden vorr tig,20 Zoll | Körpergrösse 120 - 130 cm,https://www.fahrrad-sale.de/Fahrrad/Kinder-Fahrraeder/Kinderrad-20-/Pegasus-Avanti-3-rot-20-Wave.html,"449,00","549,95"
129,fahrrad-sale,de,2022,Pegasus,Pegasus Solero SL 24 trapez schwarz - 2022,new,Trekking,1,Lieferzeit: 3 6 Tage / im Laden vorr tig,"45 cm | Körpergrösse 150 - 160 cm
50 cm | Körpergrösse 160 - 170 cm
55 cm | Körpergrösse 175 - 185 cm
60 cm | Körpergrösse ab 190 cm",https://www.fahrrad-sale.de/Fahrrad/Trekking/Damen/pegas-solero-sl-24-tra-sw.html,"649,95","799,95"
130,fahrrad-sale,de,2022,Ghost,Ghost Kato FS Universal 29 . 2022,new,Mountainbikes,1,Lieferzeit: 3 6 Tage / im Laden vorr tig,"42 cm
44 cm
46 cm",https://www.fahrrad-sale.de/Fahrrad/Mountainbikes/29er/ghost-kato-fs-universal-29.html,"1.999,00",
131,fahrrad-sale,de,2022,Bulls-Bikes,Bulls Wildcross trapez weiß - 2022,new,Crossbike,1,Lieferzeit: 3 6 Tage / im Laden vorr tig,"44 cm | Körpergrösse 150 -160 cm
48 cm | Körpergrösse 160 - 170 cm
54 cm | Körpergrösse 170 - 180 cm",https://www.fahrrad-sale.de/Fahrrad/Crossbike/Damen-30/Bulls-Wildcross-trapez-weiss.html,"549,00","649,95"
132,fahrrad-sale,de,2022,Bulls-Bikes,Bulls Tokee Street 20 Trapez lila - 2022,new,Kinder-Fahrraeder,1,Lieferzeit: 3 6 Tage / im Laden vorr tig,20 Zoll | Körpergrösse 120 - 130 cm,https://www.fahrrad-sale.de/Fahrrad/Kinder-Fahrraeder/Kinderrad-20-/Bulls-Tokee-Street-20-Wave-lila.html,"529,00","629,95"
133,fahrrad-sale,de,2022,Bulls-Bikes,Bulls Sharptail Street 3 27.5 schwarz - 2022,new,Mountainbikes,1,Lieferzeit: 3 6 Tage / im Laden vorr tig,"41 cm | 160 - 170 cm (Bulls)
46 cm | ca. 170 - 180 cm (Bulls)
51 cm | 180 - 190 cm (Bulls)
56 cm | ab 190 cm (Bulls)",https://www.fahrrad-sale.de/Fahrrad/Mountainbikes/27-5-Zoll/Bulls-Sharptail-Street-3-27-5-schwarz.html,"749,00","849,95"
134,fahrrad-sale,de,2022,Bulls-Bikes,Bulls Wildtail Street 26 Zoll schwarz - 2022,new,ATB-Jugendraeder,1,Lieferzeit: 3 6 Tage / im Laden vorr tig,"37 cm | 150 - 160 cm (Bulls)
41 cm | 160 - 170 cm (Bulls)
46 cm | ca. 170 - 180 cm (Bulls)",https://www.fahrrad-sale.de/Fahrrad/ATB-Jugendraeder/Kettenschaltung/Bulls-Wildtail-Street-26-Zoll-schwarz.html,"499,00","599,95"
135,fahrrad-sale,de,2021,Puky,Puky Youke 12 grün - 2021,new,Kinder-Fahrraeder,1,Lieferzeit: 3 6 Tage / im Laden vorr tig,12 Zoll | Körpergrösse 90 - 105 cm,https://www.fahrrad-sale.de/Fahrrad/Kinder-Fahrraeder/12-zoll/puky-youke-12-gruen-2021.html,"259,99",
136,fahrrad-sale,de,2022,KTM,KTM Avenza 30 Disc Trapez rot. 2022,new,Trekking,1,Lieferzeit: von ausverkauft bis 3 6 Tage / im Laden vorr tig,"46 cm | Körpergrösse 155 - 169 cm (Trekking)
51 cm | Körpergrösse 170 - 179 cm (Trekking)
56 cm | Körpergrösse 175 - 184 cm (Trekking)",https://www.fahrrad-sale.de/Fahrrad/Trekking/Damen/ktm-avenza-30-disc-trapez-rot-2022.html,"1.049,00","1.149,00"
137,fahrrad-sale,de,2022,Bulls-Bikes,Bulls Crosstail trapez schwarz - 2022,new,Crossbike,1,Lieferzeit: 3 6 Tage / im Laden vorr tig,"44 cm | Körpergrösse 150 -160 cm
48 cm | Körpergrösse 160 - 170 cm
54 cm | Körpergrösse 170 - 180 cm",https://www.fahrrad-sale.de/Fahrrad/Crossbike/Damen-30/Bulls-Crosstail-trapez-schwarz.html,"879,95","979,95"
138,fahrrad-sale,de,2022,Pegasus,Pegasus Solero SL 24 Trapez hellgrau - 2022,new,Trekking,1,Lieferzeit: 3 6 Tage / im Laden vorr tig,"45 cm | Körpergrösse 150 - 160 cm
50 cm | Körpergrösse 160 - 170 cm
55 cm | Körpergrösse 175 - 185 cm
60 cm | Körpergrösse ab 190 cm",https://www.fahrrad-sale.de/Fahrrad/Trekking/Damen/pegasus-solero-sl-24-hellgr-tra.html,"649,95","799,95"
139,fahrrad-sale,de,2023,Bulls-Bikes,Bulls Sharptail Street 1 26 Trapez emerald . 2023,new,ATB-Jugendraeder,1,Lieferzeit: ausverkauft,Körpergröße: 150-165 cm (XS = 37cm),https://www.fahrrad-sale.de/Fahrrad/ATB-Jugendraeder/Kettenschaltung/bulls-sharptail-street-1-26-trapez-emerald.html,"599,00","699,95"
140,fahrrad-sale,de,2021,Pegasus,Pegasus Solero SL 24 wave lime - 2021,new,Trekking,1,Lieferzeit: von ausverkauft bis 3 6 Tage / im Laden vorr tig,"45 cm | Körpergrösse 150 - 160 cm
50 cm | Körpergrösse 160 - 170 cm
55 cm | Körpergrösse 175 - 185 cm",https://www.fahrrad-sale.de/Fahrrad/Trekking/Damen/solero-sl-24-wave-lime-2021.html,"649,95","799,95"
141,fahrrad-sale,de,2020,Pegasus,Pegasus Avanti 7 / 26 Zoll Wave pink - 2020,new,ATB-Jugendraeder,1,Lieferzeit: von ausverkauft bis 3 6 Tage / im Laden vorr tig,"38 cm | ca. 138 - 145 cm
44 cm | ca. 145 - 153 cm
50 cm | ca. 150 - 158 cm",https://www.fahrrad-sale.de/Fahrrad/ATB-Jugendraeder/Nabenschaltung/Pegasus-Avanti-7-pink-2020.html,"449,00","699,95"
142,fahrrad-sale,de,2022,Bulls-Bikes,Bulls Sharptail 2 Disc grün - 2022,new,Mountainbikes,1,Lieferzeit: 3 6 Tage / im Laden vorr tig,"41 cm | 160 - 170 cm (Bulls)
46 cm | ca. 170 - 180 cm (Bulls)
51 cm | 180 - 190 cm (Bulls)
56 cm | ab 190 cm (Bulls)",https://www.fahrrad-sale.de/Fahrrad/Mountainbikes/27-5-Zoll/Bulls-Sharptail-2-Disc-gruen.html,"699,00","799,95"
143,fahrrad-sale,de,2022,Bulls-Bikes,"Bulls Nandi blau 27,5"" - 2022",new,Mountainbikes,1,Lieferzeit: 3 6 Tage / im Laden vorr tig,"37 cm | 150 - 160 cm (Bulls)
41 cm | 160 - 170 cm (Bulls)
46 cm | ca. 170 - 180 cm (Bulls)
51 cm | 180 - 190 cm (Bulls)",https://www.fahrrad-sale.de/Fahrrad/Mountainbikes/27-5-Zoll/Bulls-Nandi-blau-27-5-.html,"549,00","649,95"
144,fahrrad-sale,de,2020,Pegasus,Pegasus Solero SL 7 Wave weiß - 2020,new,Cityfahrrad,1,Lieferzeit: von ausverkauft bis 3 6 Tage / im Laden vorr tig,"43 cm - 26 Zoll | Körpergrösse 150 - 160 cm
45 cm | Körpergrösse 150 - 160 cm
50 cm | Körpergrösse 160 - 170 cm
55 cm | Körpergrösse 175 - 185 cm",https://www.fahrrad-sale.de/Fahrrad/Cityfahrrad/Damen-26/Pegasus-Solero-SL-7-weiss-2020.html,"649,00","799,95"
145,fahrrad-sale,de,2021,Puky,Puky Youke 18 Alu blau - 2021,new,Kinder-Fahrraeder,1,Lieferzeit: 3 6 Tage / im Laden vorr tig,18 Zoll | Körpergrösse 110 - 120 cm,https://www.fahrrad-sale.de/Fahrrad/Kinder-Fahrraeder/18-zoll/puky-youke-18-bl.html,"289,99",
146,fahrrad-sale,de,2022,Bulls-Bikes,Bulls Tokee 20 blau - 2022,new,Kinder-Fahrraeder,1,Lieferzeit: 3 6 Tage / im Laden vorr tig,20 Zoll | Körpergrösse 120 - 130 cm,https://www.fahrrad-sale.de/Fahrrad/Kinder-Fahrraeder/Kinderrad-20-/Bulls-Tokee-20-blau.html,"449,00","549,95"
147,fahrrad-sale,de,2022,Bulls-Bikes,Bulls Sharptail Street 3 27.5 grün - 2022,new,Mountainbikes,1,Lieferzeit: 3 6 Tage / im Laden vorr tig,"41 cm | 160 - 170 cm (Bulls)
46 cm | ca. 170 - 180 cm (Bulls)
51 cm | 180 - 190 cm (Bulls)
56 cm | ab 190 cm (Bulls)",https://www.fahrrad-sale.de/Fahrrad/Mountainbikes/27-5-Zoll/Bulls-Sharptail-Street-3-27-5-gruen.html,"749,00","849,95"
148,fahrrad-sale,de,2022,Bulls-Bikes,"Bulls Wildtail 1 Disc 27,5 schwarz matt - 2022",new,Mountainbikes,1,Lieferzeit: von ausverkauft bis 3 6 Tage / im Laden vorr tig,"41 cm | 160 - 170 cm (Bulls)
46 cm | ca. 170 - 180 cm (Bulls)
51 cm | 180 - 190 cm (Bulls)
56 cm | ab 190 cm (Bulls)",https://www.fahrrad-sale.de/Fahrrad/Mountainbikes/27-5-Zoll/bulls-wildtail-1-disc-27-5-schwarz-matt-2022.html,"549,00","649,95"
149,fahrrad-sale,de,2022,Bulls-Bikes,"Bulls Wildtail 2 Disc 27,5 schwarz matt - 2022",new,Mountainbikes,1,Lieferzeit: 3 6 Tage / im Laden vorr tig,"41 cm | 160 - 170 cm (Bulls)
46 cm | ca. 170 - 180 cm (Bulls)
51 cm | 180 - 190 cm (Bulls)
56 cm | ab 190 cm (Bulls)",https://www.fahrrad-sale.de/Fahrrad/Mountainbikes/27-5-Zoll/wildtail-2-disc-275-sw-22.html,"649,00","749,95"
150,fahrrad-sale,de,2022,Bulls-Bikes,Bulls Wildtail 2 Disc 29 schwarz matt - 2022,new,Mountainbikes,1,Lieferzeit: von ausverkauft bis 3 6 Tage / im Laden vorr tig,"41 cm | 160 - 170 cm (Bulls)
46 cm | ca. 170 - 180 cm (Bulls)
51 cm | 180 - 190 cm (Bulls)
56 cm | ab 190 cm (Bulls)",https://www.fahrrad-sale.de/Fahrrad/Mountainbikes/29er/bulls-wildtail-2-disc-sw.html,"649,00","749,95"
151,fahrrad-sale,de,2022,Pegasus,Pegasus Solero SL Disc 24 Herren schwarz - 2022,new,Trekking,1,Lieferzeit: 3 6 Tage / im Laden vorr tig,"45 cm | Körpergrösse 150 - 160 cm
50 cm | Körpergrösse 160 - 170 cm
55 cm | Körpergrösse 175 - 185 cm
60 cm | Körpergrösse ab 190 cm",https://www.fahrrad-sale.de/Fahrrad/Trekking/Herren/solero-sl-disc-herren-sw-rt.html,"749,95","899,95"
152,fahrrad-sale,de,2022,Bulls-Bikes,Bulls Copperhead FSX 1 29 Blau - 2022,new,Mountainbikes,1,Lieferzeit: 3 6 Tage / im Laden vorr tig,"41 cm | 160 - 170 cm (Bulls)
44 cm | 169 - 179 cm (Bulls)
48 cm | 180 - 190 cm (Bulls)
51 cm | 180 - 190 cm (Bulls)",https://www.fahrrad-sale.de/Fahrrad/Mountainbikes/29er/Bulls-Copperhead-FSX-1-29-Blau.html,"2.099,00","2.599,00"
153,fahrrad-sale,de,2020,Pegasus,Pegasus Piazza Tour 7 schwarz - 2020,new,Cityfahrrad,1,Lieferzeit: von ausverkauft bis 3 6 Tage / im Laden vorr tig,"45 cm | Körpergrösse 150 - 160 cm
50 cm | Körpergrösse 160 - 170 cm
55 cm | Körpergrösse 175 - 185 cm",https://www.fahrrad-sale.de/Fahrrad/Cityfahrrad/Damen-26/piazza-tour-7-wave-schwarz-2019.html,"649,00","799,95"
154,fahrrad-sale,de,2022,Pegasus,Pegasus Piazza 7 Herren schwarz matt - 2022,new,Cityfahrrad,1,Lieferzeit: 3 6 Tage / im Laden vorr tig,"45 cm | Körpergrösse 150 - 160 cm
50 cm | Körpergrösse 160 - 170 cm
55 cm | Körpergrösse 175 - 185 cm
60 cm | Körpergrösse ab 190 cm",https://www.fahrrad-sale.de/Fahrrad/Cityfahrrad/Herren-25/pegasus-piazza-7-herren-schwarz-matt.html,"599,00","749,95"
155,fahrrad-sale,de,2019,Pegasus,Pegasus Bici Italia 1949 7G lila - 2019,new,Cityfahrrad,1,Lieferzeit: von ausverkauft bis 3 6 Tage / im Laden vorr tig,"45 cm | Körpergrösse 150 - 160 cm
50 cm | Körpergrösse 160 - 170 cm
55 cm | Körpergrösse 175 - 185 cm",https://www.fahrrad-sale.de/Fahrrad/Cityfahrrad/Damen-26/pegasus-bici-italia-1949-7g-lila-2019.html,"449,00","649,95"
156,fahrrad-sale,de,2022,Bulls-Bikes,Bulls Sharptail Street 2 29 schwarz - 2022,new,Mountainbikes,1,Lieferzeit: 3 6 Tage / im Laden vorr tig,"41 cm | 160 - 170 cm (Bulls)
46 cm | ca. 170 - 180 cm (Bulls)
51 cm | 180 - 190 cm (Bulls)
56 cm | ab 190 cm (Bulls)",https://www.fahrrad-sale.de/Fahrrad/Mountainbikes/29er/Bulls-Sharptail-Street-2-29-schwarz.html,"649,00","749,95"
157,fahrrad-sale,de,2021,Bulls-Bikes,Bulls Tokee 24 schwarz - 2021,new,Kinder-Fahrraeder,1,Lieferzeit: 3 6 Tage / im Laden vorr tig,24 Zoll | Körpergrösse 140 - 150 cm,https://www.fahrrad-sale.de/Fahrrad/Kinder-Fahrraeder/24-Zoll/bulls-tokee-24-schwarz-2021.html,"449,00","549,95"
158,fahrrad-sale,de,2022,Bulls-Bikes,Bulls Copperhead 3 29 black rainbow - 2022,new,Mountainbikes,1,Lieferzeit: ausverkauft,"41 cm | 160 - 170 cm (Bulls)
46 cm | ca. 170 - 180 cm (Bulls)
51 cm | 180 - 190 cm (Bulls)
56 cm | ab 190 cm (Bulls)
61 cm | ab 200 cm (Bulls)",https://www.fahrrad-sale.de/Fahrrad/Mountainbikes/29er/Bulls-Copperhead-3-29-sw-gr.html,"1.199,00","1.399,00"
159,fahrrad-sale,de,2022,Bulls-Bikes,Bulls Zarena Street 24 weiss 7-sdp outer . 2022,new,Kinder-Fahrraeder,1,Lieferzeit: 3 6 Tage / im Laden vorr tig,24 Zoll | Körpergrösse 140 - 150 cm,https://www.fahrrad-sale.de/Fahrrad/Kinder-Fahrraeder/24-Zoll/bulls-zarena-street-24-weiss-7g-kette.html,"599,00","699,95"
160,fahrrad-sale,de,2022,Bulls-Bikes,Bulls Tokee Street 20 3-Gang blau - 2022,new,Kinder-Fahrraeder,1,Lieferzeit: 3 6 Tage / im Laden vorr tig,20 Zoll | Körpergrösse 120 - 130 cm,https://www.fahrrad-sale.de/Fahrrad/Kinder-Fahrraeder/Kinderrad-20-/Bulls-Tokee-Street-20-3-Gang-blau.html,"529,00","629,95"
161,fahrrad-sale,de,2022,Bulls-Bikes,"Bulls Nandi Street 27,5 schwarz matt - 2022",new,Mountainbikes,1,Lieferzeit: 3 6 Tage / im Laden vorr tig,"37 cm | 150 - 160 cm (Bulls)
41 cm | 160 - 170 cm (Bulls)
46 cm | ca. 170 - 180 cm (Bulls)
51 cm | 180 - 190 cm (Bulls)",https://www.fahrrad-sale.de/Fahrrad/Mountainbikes/Damen-39/bulls-nandi-street-27-5-grau-matt-2022.html,"549,00","649,95"
162,fahrrad-sale,de,2022,Ghost,Ghost Kato Universal 29 . 2022,new,Mountainbikes,1,Lieferzeit: 3 6 Tage / im Laden vorr tig,"Körpergröße: 160-175 cm (S)
Körpergröße: 170-185 cm (M)
Körpergröße: 180-195 cm (L)",https://www.fahrrad-sale.de/Fahrrad/Mountainbikes/29er/ghost-kato-universal-29-2022.html,"799,00",
163,fahrrad-sale,de,2022,Bulls-Bikes,Bulls Wild Ronin RS 29 carbon schwarz - 2022,new,Mountainbikes,1,Lieferzeit: 3 6 Tage / im Laden vorr tig,"41 cm | 160 - 170 cm (Bulls)
44 cm | 169 - 179 cm (Bulls)
48 cm | 180 - 190 cm (Bulls)
51 cm | 180 - 190 cm (Bulls)",https://www.fahrrad-sale.de/Fahrrad/Mountainbikes/29er/Bulls-Wild-Ronin-RS-29-carbon-schwarz.html,"3.699,00","3.699,00"
164,fahrrad-sale,de,2020,Pegasus,Pegasus Solero SL 24 Wave weiß - 2020,new,Trekking,1,Lieferzeit: ausverkauft,"45 cm | Körpergrösse 150 - 160 cm
50 cm | Körpergrösse 160 - 170 cm
55 cm | Körpergrösse 175 - 185 cm",https://www.fahrrad-sale.de/Fahrrad/Trekking/Damen/pegasus-solero-24-wave-weiss-4265.html,"649,95","799,95"
165,fahrrad-sale,de,2022,KTM,KTM Avenza Cross Street Herren . 2022,new,Crossbike,1,Lieferzeit: 3 6 Tage / im Laden vorr tig,"46 cm | Körpergrösse 155 - 169 cm (Trekking)
51 cm | Körpergrösse 170 - 179 cm (Trekking)
56 cm | Körpergrösse 175 - 184 cm (Trekking)
60 cm | Körpergrösse 185 - 194 cm (Trekking)
63 cm | Körpergrösse 193 - 200 cm (Trekking)",https://www.fahrrad-sale.de/Fahrrad/Crossbike/Herren-31/ktm-avenza-cross-street-herren-2022.html,"1.049,00","1.149,00"
166,fahrrad-sale,de,2022,Pegasus,Pegasus Savona SL Disc 8 Herren - 2022,new,Trekking,1,Lieferzeit: von ausverkauft bis 3 6 Tage / im Laden vorr tig,"45 cm | Körpergrösse 150 - 160 cm
50 cm | Körpergrösse 160 - 170 cm
55 cm | Körpergrösse 175 - 185 cm
60 cm | Körpergrösse ab 190 cm",https://www.fahrrad-sale.de/Fahrrad/Trekking/Herren/pegasus-savona-sl-disc-8-hr.html,"879,95","1.079,00"
167,fahrrad-sale,de,2022,Pegasus,Pegasus Avanti 7 weiss 24 Zoll Wave - 2022,new,Kinder-Fahrraeder,1,Lieferzeit: 3 6 Tage / im Laden vorr tig,24 Zoll | Körpergrösse 140 - 150 cm,https://www.fahrrad-sale.de/Fahrrad/Kinder-Fahrraeder/24-Zoll/Pegasus-Avanti-7-weiss-24-Zoll-Wave.html,"499,00","599,95"
168,fahrrad-sale,de,2022,Pegasus,Pegasus Avanti 7 Wave schwarz - 2022,new,Cityfahrrad,1,Lieferzeit: 3 6 Tage / im Laden vorr tig,"45 cm | Körpergrösse 150 - 160 cm
50 cm | Körpergrösse 160 - 170 cm
55 cm | Körpergrösse 175 - 185 cm",https://www.fahrrad-sale.de/Fahrrad/Cityfahrrad/Damen-26/avanti-7-28-wave-sw-7g-r.html,"499,00","599,95"
169,fahrrad-sale,de,2022,Bulls-Bikes,Bulls Zarena 1 weiß - 2022,new,Mountainbikes,1,Lieferzeit: 3 6 Tage / im Laden vorr tig,"37 cm | 150 - 160 cm (Bulls)
41 cm | 160 - 170 cm (Bulls)
46 cm | ca. 170 - 180 cm (Bulls)
51 cm | 180 - 190 cm (Bulls)",https://www.fahrrad-sale.de/Fahrrad/Mountainbikes/Damen-39/Bulls-Zarena-1-weiss.html,"649,00","749,95"
170,fahrrad-sale,de,2022,Pegasus,Pegasus Piazza 7 wave weiß - 2022,new,Cityfahrrad,1,Lieferzeit: 3 6 Tage / im Laden vorr tig,"45 cm | Körpergrösse 150 - 160 cm
50 cm | Körpergrösse 160 - 170 cm
55 cm | Körpergrösse 175 - 185 cm",https://www.fahrrad-sale.de/Fahrrad/Cityfahrrad/Damen-26/pegasus-piazza-7-wave-weiss.html,"599,00","749,95"
171,fahrrad-sale,de,,Pegasus,Pegasus Piazza 7 trapez türkis,new,Cityfahrrad,1,Lieferzeit: von ausverkauft bis 3 6 Tage / im Laden vorr tig,"45 cm | Körpergrösse 150 - 160 cm
50 cm | Körpergrösse 160 - 170 cm
53 cm | Körpergrösse 170 - 180 cm
58 cm | Körpergrösse 180 - 190 cm",https://www.fahrrad-sale.de/Fahrrad/Cityfahrrad/Damen-26/piazza-7-trapez-tuerkis-2019.html,"599,00","649,95"
172,fahrrad-sale,de,2022,Bulls-Bikes,Bulls Sharptail Street 26 anthrazit - 2022,new,ATB-Jugendraeder,1,Lieferzeit: 3 6 Tage / im Laden vorr tig,32 cm | 140 - 150 cm (Bulls),https://www.fahrrad-sale.de/Fahrrad/ATB-Jugendraeder/Kettenschaltung/Bulls-Sharptail-Street-26-anthrazit.html,"649,00","749,95"
173,fahrrad-sale,de,2022,Pegasus,Pegasus Piazza 7 trapez schwarz matt - 2022,new,Cityfahrrad,1,Lieferzeit: von ausverkauft bis 3 6 Tage / im Laden vorr tig,"45 cm | Körpergrösse 150 - 160 cm
50 cm | Körpergrösse 160 - 170 cm
55 cm | Körpergrösse 175 - 185 cm",https://www.fahrrad-sale.de/Fahrrad/Cityfahrrad/Damen-26/pegasus-piazza-7-trapez-schwa-mt.html,"599,00","749,95"
174,fahrrad-sale,de,2021,Puky,Puky Youke 18 Alu rosa - 2021,new,Kinder-Fahrraeder,1,Lieferzeit: ausverkauft,18 Zoll | Körpergrösse 110 - 120 cm,https://www.fahrrad-sale.de/Fahrrad/Kinder-Fahrraeder/18-zoll/puky-youke-18-rs.html,"229,99",
175,fahrrad-sale,de,2022,Bulls-Bikes,Bulls Tokee Lite 24 rot - 2022,new,Kinder-Fahrraeder,1,Lieferzeit: 3 6 Tage / im Laden vorr tig,24 Zoll | Körpergrösse 140 - 150 cm,https://www.fahrrad-sale.de/Fahrrad/Kinder-Fahrraeder/24-Zoll/Bulls-Tokee-Lite-24-rot.html,"549,00","649,95"
176,fahrrad-sale,de,2022,Bulls-Bikes,Bulls Zarena Street 24 schwarz 7-sdp outer . 2022,new,Kinder-Fahrraeder,1,Lieferzeit: 3 6 Tage / im Laden vorr tig,24 Zoll | Körpergrösse 140 - 150 cm,https://www.fahrrad-sale.de/Fahrrad/Kinder-Fahrraeder/24-Zoll/bulls-zarena-street-24-schwarz-7-sdp-outer.html,"599,00","699,95"
177,fahrrad-sale,de,2020,Pegasus,Pegasus Solero SL 7 Herren schwarz - 2020,new,Cityfahrrad,1,Lieferzeit: von ausverkauft bis 3 6 Tage / im Laden vorr tig,"48 cm | Körpergrösse 160 - 170 cm
53 cm | Körpergrösse 170 - 180 cm
58 cm | Körpergrösse 180 - 190 cm
61 cm | Körpergrösse ab 190 cm",https://www.fahrrad-sale.de/Fahrrad/Cityfahrrad/Herren-25/Pegasus-Solero-SL-7-Herren-Schwarz-4269.html,"649,00","799,95"
178,fahrrad-sale,de,2022,Bulls-Bikes,Bulls Wildtail 2 Disc 29 air blue matt- 2022,new,Mountainbikes,1,Lieferzeit: 3 6 Tage / im Laden vorr tig,"41 cm | 160 - 170 cm (Bulls)
46 cm | ca. 170 - 180 cm (Bulls)
51 cm | 180 - 190 cm (Bulls)
56 cm | ab 190 cm (Bulls)",https://www.fahrrad-sale.de/Fahrrad/Mountainbikes/29er/bulls-wildtail-2-disc-29-air-bl.html,"649,00","749,95"
179,fahrrad-sale,de,2022,Bulls-Bikes,Bulls Tokee Lite 18 Wave rouge red - 2022,new,Kinder-Fahrraeder,1,Lieferzeit: 3 6 Tage / im Laden vorr tig,18 Zoll | Körpergrösse 110 - 120 cm,https://www.fahrrad-sale.de/Fahrrad/Kinder-Fahrraeder/18-zoll/tokee-lite-18-rt.html,"349,95","449,95"
180,fahrrad-sale,de,2022,Bulls-Bikes,Bulls Crossbike Street Herren . 2022,new,Crossbike,1,Lieferzeit: 3 6 Tage / im Laden vorr tig,"48 cm | Körpergrösse 160 - 170 cm
54 cm | Körpergrösse 170 - 180 cm
58 cm | Körpergrösse 180 - 190 cm
61 cm | Körpergrösse ab 190 cm",https://www.fahrrad-sale.de/Fahrrad/Crossbike/Herren-31/bulls-crossbike-street-herren-schwa.html,"749,00","849,95"
181,fahrrad-sale,de,2021,Pegasus,Pegasus Solero SL 7 Trapez schwarz - 2021,new,Cityfahrrad,1,Lieferzeit: 3 6 Tage / im Laden vorr tig,"45 cm | Körpergrösse 150 - 160 cm
50 cm | Körpergrösse 160 - 170 cm
53 cm | Körpergrösse 170 - 180 cm
58 cm | Körpergrösse 180 - 190 cm",https://www.fahrrad-sale.de/Fahrrad/Cityfahrrad/Damen-26/Pegasus-Solero-SL-7-Trapez-schwarz-2020.html,"649,00","799,95"
182,fahrrad-sale,de,2022,Puky,Puky LS-Pro 18 silber/berry . 2022,new,Kinder-Fahrraeder,1,Lieferzeit: 3 6 Tage / im Laden vorr tig,18 Zoll | Körpergrösse ab 105 cm,https://www.fahrrad-sale.de/Fahrrad/Kinder-Fahrraeder/18-zoll/puky-ls-pro-18-silber-berry-2022.html,"409,99",
183,fahrrad-sale,de,2022,Pegasus,Pegasus Solero SL Disc 24 Wave hellgrau - 2022,new,Trekking,1,Lieferzeit: ausverkauft,"45 cm | Körpergrösse 150 - 160 cm
50 cm | Körpergrösse 160 - 170 cm
55 cm | Körpergrösse 175 - 185 cm",https://www.fahrrad-sale.de/Fahrrad/Trekking/Damen/pegasus-solero-sl-disc-24-wave-hellgrau-2022.html,"749,95","899,95"
184,fahrrad-sale,de,2022,Pegasus,Pegasus Solero SL 7 Herren schwarz - 2022,new,Cityfahrrad,1,Lieferzeit: von ausverkauft bis 3 6 Tage / im Laden vorr tig,"45 cm | Körpergrösse 150 - 160 cm
50 cm | Körpergrösse 160 - 170 cm
55 cm | Körpergrösse 175 - 185 cm
60 cm | Körpergrösse ab 190 cm",https://www.fahrrad-sale.de/Fahrrad/Cityfahrrad/Herren-25/Pegasus-Solero-SL-7-Herren-schwarz.html,"649,00","799,95"
185,fahrrad-sale,de,2022,Ghost,"Ghost Kato Universal 27,5 . 2022",new,Mountainbikes,1,Lieferzeit: 3 6 Tage / im Laden vorr tig,"36 cm
40 cm
44 cm",https://www.fahrrad-sale.de/Fahrrad/Mountainbikes/27-5-Zoll/ghost-kato-universal-27-5-2022.html,"799,00",
186,fahrrad-sale,de,2022,Bulls-Bikes,Bulls Tokee Lite 24 blau - 2022,new,Kinder-Fahrraeder,1,Lieferzeit: 3 6 Tage / im Laden vorr tig,24 Zoll | Körpergrösse 140 - 150 cm,https://www.fahrrad-sale.de/Fahrrad/Kinder-Fahrraeder/24-Zoll/Bulls-Tokee-Lite-24-blau.html,"549,00","649,95"
187,fahrrad-sale,de,2022,Bulls-Bikes,"Bulls Wildtail 2 Disc 27,5 blau matt - 2022",new,Mountainbikes,1,Lieferzeit: 3 6 Tage / im Laden vorr tig,"41 cm | 160 - 170 cm (Bulls)
46 cm | ca. 170 - 180 cm (Bulls)
51 cm | 180 - 190 cm (Bulls)
56 cm | ab 190 cm (Bulls)",https://www.fahrrad-sale.de/Fahrrad/Mountainbikes/27-5-Zoll/bulls-wildtail-2-disc-27-5-blau-matt-2022.html,"649,00","749,95"
188,fahrrad-sale,de,2019,Arcona,Arcona 1949 Basic 7 G frozen-red - 2019,new,Cityfahrrad,1,Lieferzeit: von ausverkauft bis 3 6 Tage / im Laden vorr tig,"45 cm | Körpergrösse 150 - 160 cm
50 cm | Körpergrösse 160 - 170 cm
55 cm | Körpergrösse 175 - 185 cm",https://www.fahrrad-sale.de/Fahrrad/Cityfahrrad/Damen-26/1949-basic-7g-rot-2019.html,"499,00","629,95"
189,fahrrad-sale,de,2022,Pegasus,Pegasus Avanti 3 rouge red 24 Zoll Wave - 2022,new,Kinder-Fahrraeder,1,Lieferzeit: 3 6 Tage / im Laden vorr tig,24 Zoll | Körpergrösse 140 - 150 cm,https://www.fahrrad-sale.de/Fahrrad/Kinder-Fahrraeder/24-Zoll/pegasus-avanti-3-rouge-red-24-zoll-wave-2022.html,"449,00","549,95"
190,fahrrad-sale,de,2020,Pegasus,Pegasus Piazza 21 Wave weiß - 2020,new,Trekking,1,Lieferzeit: ausverkauft,"45 cm | Körpergrösse 150 - 160 cm
50 cm | Körpergrösse 160 - 170 cm
55 cm | Körpergrösse 175 - 185 cm",https://www.fahrrad-sale.de/Fahrrad/Trekking/Damen/pegasus-piazza-21-wave-weiss-2020.html,"549,00","649,95"
191,fahrrad-sale,de,2022,Pegasus,Pegasus Piazza 7 wave schwarz - 2022,new,Cityfahrrad,1,Lieferzeit: von ausverkauft bis 3 6 Tage / im Laden vorr tig,"45 cm | Körpergrösse 150 - 160 cm
50 cm | Körpergrösse 160 - 170 cm
55 cm | Körpergrösse 175 - 185 cm",https://www.fahrrad-sale.de/Fahrrad/Cityfahrrad/Damen-26/pegasus-piazza-7-wa-schwa.html,"599,00","749,95"
192,fahrrad-sale,de,2022,Pegasus,Pegasus Avanti 18 schwarz 24 Zoll - 2022,new,Kinder-Fahrraeder,1,Lieferzeit: 3 6 Tage / im Laden vorr tig,24 Zoll | Körpergrösse 140 - 150 cm,https://www.fahrrad-sale.de/Fahrrad/Kinder-Fahrraeder/24-Zoll/Pegasus-Avanti-18-schwarz-Y-Rahmen-24-Zoll.html,"449,00","549,95"
193,fahrrad-sale,de,2021,Pegasus,Pegasus Opero SL 24 trapez weiss - 2021,new,Trekking,1,Lieferzeit: von ausverkauft bis 3 6 Tage / im Laden vorr tig,"45 cm | Körpergrösse 150 - 160 cm
50 cm | Körpergrösse 160 - 170 cm
53 cm | Körpergrösse 170 - 180 cm
58 cm | Körpergrösse 180 - 190 cm",https://www.fahrrad-sale.de/Fahrrad/Trekking/Damen/opero-sl-24-trapez-weiss-2019.html,"849,95","1.099,95"
194,fahrrad-sale,de,2022,Pegasus,Pegasus Solero SL Disc 24 Wave schwarz - 2022,new,Trekking,1,Lieferzeit: 3 6 Tage / im Laden vorr tig,"45 cm | Körpergrösse 150 - 160 cm
50 cm | Körpergrösse 160 - 170 cm
55 cm | Körpergrösse 175 - 185 cm",https://www.fahrrad-sale.de/Fahrrad/Trekking/Damen/pegasus-solero-sl-disc-24-wa-sw.html,"749,95","899,95"
195,fahrrad-sale,de,2022,Pegasus,Pegasus Avanti 18 blau 24 Zoll - 2022,new,Kinder-Fahrraeder,1,Lieferzeit: 3 6 Tage / im Laden vorr tig,24 Zoll | Körpergrösse 140 - 150 cm,https://www.fahrrad-sale.de/Fahrrad/Kinder-Fahrraeder/24-Zoll/Pegasus-Avanti-18-blau-Y-Rahmen-24-Zoll.html,"449,00","549,95"
196,fahrrad-sale,de,2022,Pegasus,Pegasus Solero SL 24 Wave petrol - 2022,new,Trekking,1,Lieferzeit: von ausverkauft bis 3 6 Tage / im Laden vorr tig,"45 cm | Körpergrösse 150 - 160 cm
50 cm | Körpergrösse 160 - 170 cm
55 cm | Körpergrösse 175 - 185 cm",https://www.fahrrad-sale.de/Fahrrad/Trekking/Damen/pegasus-solero-sl-24-wave-petrol-2022.html,"649,95","799,95"
197,fahrrad-sale,de,2022,Bulls-Bikes,Bulls Tokee Street 20 schwarz - 2022,new,Kinder-Fahrraeder,1,Lieferzeit: 3 6 Tage / im Laden vorr tig,20 Zoll | Körpergrösse 120 - 130 cm,https://www.fahrrad-sale.de/Fahrrad/Kinder-Fahrraeder/Kinderrad-20-/Bulls-Tokee-Street-20-schwarz.html,"529,00","629,95"
198,fahrrad-sale,de,2022,Pegasus,Pegasus Solero SL 7 Wave schwarz - 2022,new,Cityfahrrad,1,Lieferzeit: 3 6 Tage / im Laden vorr tig,"43 cm - 26 Zoll | Körpergrösse 150 - 160 cm
45 cm | Körpergrösse 150 - 160 cm
50 cm | Körpergrösse 160 - 170 cm
55 cm | Körpergrösse 175 - 185 cm",https://www.fahrrad-sale.de/Fahrrad/Cityfahrrad/Damen-26/Pegasus-Solero-SL-7-Wave-schwarz.html,"649,00","799,95"
199,fahrrad-sale,de,2022,Pegasus,Pegasus Savona SL Disc 8 Wave schwarz - 2022,new,Cityfahrrad,1,Lieferzeit: 3 6 Tage / im Laden vorr tig,"45 cm | Körpergrösse 150 - 160 cm
50 cm | Körpergrösse 160 - 170 cm
55 cm | Körpergrösse 175 - 185 cm",https://www.fahrrad-sale.de/Fahrrad/Cityfahrrad/Damen-26/Pegasus-Savona-SL-Disc-8-Wave-schwarz.html,"879,00","1.079,00"
200,fahrrad-sale,de,2022,Pegasus,Pegasus Solero SL 24 trapez petrol - 2022,new,Trekking,1,Lieferzeit: 3 6 Tage / im Laden vorr tig,"45 cm | Körpergrösse 150 - 160 cm
50 cm | Körpergrösse 160 - 170 cm
55 cm | Körpergrösse 175 - 185 cm
60 cm | Körpergrösse ab 190 cm",https://www.fahrrad-sale.de/Fahrrad/Trekking/Damen/pegasus-solero-sl-24-tra-pe.html,"649,95","799,95"
201,fahrrad-sale,de,2022,Pegasus,Pegasus Avanti 7 Wave weiß - 2022,new,Cityfahrrad,1,Lieferzeit: 3 6 Tage / im Laden vorr tig,"38 cm | ca. 138 - 145 cm
44 cm | ca. 145 - 153 cm
50 cm | ca. 150 - 158 cm",https://www.fahrrad-sale.de/Fahrrad/Cityfahrrad/Damen-26/avanti-7-28-wave-weiss-r.html,"499,00","599,95"
202,fahrrad-sale,de,2022,Pegasus,Pegasus Piazza 21 Herren schwarz - 2022,new,Trekking,1,Lieferzeit: 3 6 Tage / im Laden vorr tig,"45 cm | Körpergrösse 150 - 160 cm
50 cm | Körpergrösse 160 - 170 cm
55 cm | Körpergrösse 175 - 185 cm
60 cm | Körpergrösse ab 190 cm",https://www.fahrrad-sale.de/Fahrrad/Trekking/Herren/pegasus-piazza-21-herren-schwarz-2022.html,"549,00","649,95"
203,fahrrad-sale,de,2020,Pegasus,Pegasus Piazza 21 Trapez schwarz - 2020,new,Trekking,1,Lieferzeit: ausverkauft,"45 cm | Körpergrösse 150 - 160 cm
50 cm | Körpergrösse 160 - 170 cm
53 cm | Körpergrösse 170 - 180 cm
58 cm | Körpergrösse 180 - 190 cm",https://www.fahrrad-sale.de/Fahrrad/Trekking/Damen/pegasus-piazza-21-trapez-schwarz-2020.html,"549,00","649,95"
204,fahrrad-sale,de,2021,Bulls-Bikes,Bulls Copperhead 1 29 grey - 2021,new,Mountainbikes,1,Lieferzeit: ausverkauft,"41 cm | 160 - 170 cm (Bulls)
46 cm | ca. 170 - 180 cm (Bulls)
51 cm | 180 - 190 cm (Bulls)
56 cm | ab 190 cm (Bulls)
61 cm | ab 200 cm (Bulls)
ohne
Hinterbauständer Bulls 40mm + 24,95 EUR",https://www.fahrrad-sale.de/Fahrrad/Mountainbikes/29er/bulls-copperhead-1-29-grey-2020.html,"ab 749,00","899,95"
205,fahrrad-sale,de,2022,Pegasus,Pegasus Avanti Sport 18 schwarz trapez 26 Zoll - 2022,new,ATB-Jugendraeder,1,Lieferzeit: 3 6 Tage / im Laden vorr tig,"38 cm | ca. 138 - 145 cm
44 cm | ca. 145 - 153 cm
50 cm | ca. 150 - 158 cm",https://www.fahrrad-sale.de/Fahrrad/ATB-Jugendraeder/Kettenschaltung/Pegasus-Avanti-Sport-18-schwarz-26-Zoll.html,"449,00","549,95"
206,fahrrad-sale,de,2022,Pegasus,Pegasus Avanti Sport 18 schwarz 24 Zoll - 2022,new,Kinder-Fahrraeder,1,Lieferzeit: 3 6 Tage / im Laden vorr tig,24 Zoll | Körpergrösse 140 - 150 cm,https://www.fahrrad-sale.de/Fahrrad/Kinder-Fahrraeder/24-Zoll/Pegasus-Avanti-Sport-18-schwarz-24-Zoll.html,"449,00","549,95"
207,fahrrad-sale,de,2022,Pegasus,Pegasus Avanti 3 grün 20 Zoll - 2022,new,Kinder-Fahrraeder,1,Lieferzeit: 3 6 Tage / im Laden vorr tig,20 Zoll | Körpergrösse 120 - 130 cm,https://www.fahrrad-sale.de/Fahrrad/Kinder-Fahrraeder/Kinderrad-20-/Pegasus-Avanti-3-gruen-20-Zoll.html,"449,00","549,95"
208,fahrrad-sale,de,2020,Arcona,Arcona Plazza Disc trapez - 2020,new,Trekking,1,Lieferzeit: von ausverkauft bis 3 6 Tage / im Laden vorr tig,"45 cm | Körpergrösse 150 - 160 cm
50 cm | Körpergrösse 160 - 170 cm
55 cm | Körpergrösse 175 - 185 cm",https://www.fahrrad-sale.de/Fahrrad/Trekking/Damen/arcona-plazza-disc-trapez-2020.html,"599,95","799,95"
209,fahrrad-sale,de,2022,Bulls-Bikes,Bulls Grinder 2 Herren weiß - 2022,new,fahrrad-2022,1,Lieferzeit: von ausverkauft bis 3 6 Tage / im Laden vorr tig,"XS / 45cm = Köpergröße 160 - 170 cm
S / 47cm = Köpergröße 165 - 175 cm
M / 51 cm = Köpergröße 175 - 185 cm
L / 55 cm = Köpergröße 180 - 190 cm",https://www.fahrrad-sale.de/Fahrrad/fahrrad-2022/Bulls-Grinder-2-Herren-weiss.html,"1.299,00",
210,fahrrad-sale,de,2022,Pegasus,Pegasus Savona SL Disc 8 Wave blau - 2022,new,Cityfahrrad,1,Lieferzeit: 3 6 Tage / im Laden vorr tig,"45 cm | Körpergrösse 150 - 160 cm
50 cm | Körpergrösse 160 - 170 cm
55 cm | Körpergrösse 175 - 185 cm",https://www.fahrrad-sale.de/Fahrrad/Cityfahrrad/Damen-26/Pegasus-Savona-SL-Disc-8-Wave-blau.html,"879,00","1.079,00"
211,fahrrad-sale,de,2022,Bulls-Bikes,Bulls Tokee 24 blau - 2022,new,Kinder-Fahrraeder,1,Lieferzeit: 3 6 Tage / im Laden vorr tig,24 Zoll | Körpergrösse 140 - 150 cm,https://www.fahrrad-sale.de/Fahrrad/Kinder-Fahrraeder/24-Zoll/bulls-tokee-24-bla.html,"449,00","549,95"
212,fahrrad-sale,de,2022,Pegasus,Pegasus Avanti 7 lime 24 Zoll . 2022,new,Kinder-Fahrraeder,1,Lieferzeit: 3 6 Tage / im Laden vorr tig,24 Zoll | Körpergrösse 140 - 150 cm,https://www.fahrrad-sale.de/Fahrrad/Kinder-Fahrraeder/24-Zoll/pegasus-avanti-7-lime-24.html,"499,00","599,95"
213,fahrrad-sale,de,2021,Bulls-Bikes,"Bulls Zarena 1 27,5 blau - 2021",new,Mountainbikes,1,Lieferzeit: ausverkauft,"37 cm | 150 - 160 cm (Bulls)
41 cm | 160 - 170 cm (Bulls)
46 cm | ca. 170 - 180 cm (Bulls)
51 cm | 180 - 190 cm (Bulls)
ohne
Hinterbauständer Bulls 40mm + 24,95 EUR",https://www.fahrrad-sale.de/Fahrrad/Mountainbikes/27-5-Zoll/bulls-zarena-1-27-5-blau-2021.html,"ab 649,00","699,95"
214,fahrrad-sale,de,2022,Bulls-Bikes,Bulls Crossbike 1 Herren schwarz - 2022,new,Crossbike,1,Lieferzeit: 3 6 Tage / im Laden vorr tig,"44 cm | Körpergrösse 150 -160 cm
48 cm | Körpergrösse 160 - 170 cm
54 cm | Körpergrösse 170 - 180 cm
58 cm | Körpergrösse 180 - 190 cm
61 cm | Körpergrösse ab 190 cm",https://www.fahrrad-sale.de/Fahrrad/Crossbike/Herren-31/Bulls-Crossbike-1-schwarz.html,"649,95","749,95"
215,fahrrad-sale,de,2022,Bulls-Bikes,Bulls Wildtail Street 26 Zoll trapez weiss - 2022,new,ATB-Jugendraeder,1,Lieferzeit: 3 6 Tage / im Laden vorr tig,"37 cm | 150 - 160 cm (Bulls)
41 cm | 160 - 170 cm (Bulls)
46 cm | ca. 170 - 180 cm (Bulls)",https://www.fahrrad-sale.de/Fahrrad/ATB-Jugendraeder/Kettenschaltung/Bulls-Wildtail-Street-26-Zoll-trapez-weiss.html,"499,00","599,95"
216,fahrrad-sale,de,2022,Bulls-Bikes,Bulls Tokee Lite 16 Wave rouge red - 2022,new,Kinder-Fahrraeder,1,Lieferzeit: 3 6 Tage / im Laden vorr tig,16 Zoll | Körpergrösse 100 - 110 cm,https://www.fahrrad-sale.de/Fahrrad/Kinder-Fahrraeder/16-zoll/Bulls-Tokee-Lite-16-Wave-rouge-red.html,"349,95","449,95"
217,fahrrad-sale,de,2021,Bulls-Bikes,"Bulls Zarena 1 27,5 grau - 2021",new,Mountainbikes,1,Lieferzeit: von ausverkauft bis 3 6 Tage / im Laden vorr tig,"37 cm | 150 - 160 cm (Bulls)
41 cm | 160 - 170 cm (Bulls)
46 cm | ca. 170 - 180 cm (Bulls)
51 cm | 180 - 190 cm (Bulls)
ohne
Hinterbauständer Bulls 40mm + 24,95 EUR",https://www.fahrrad-sale.de/Fahrrad/Mountainbikes/27-5-Zoll/bulls-zarena-1-27-5-grau-2021.html,"ab 649,00","699,95"
218,fahrrad-sale,de,2022,Pegasus,Pegasus Avanti 3 schwarz 24 Wave - 2022,new,Kinder-Fahrraeder,1,Lieferzeit: 3 6 Tage / im Laden vorr tig,24 Zoll | Körpergrösse 140 - 150 cm,https://www.fahrrad-sale.de/Fahrrad/Kinder-Fahrraeder/24-Zoll/Pegasus-Avanti-3-schwarz-24-Wave.html,"449,00","549,95"
219,fahrrad-sale,de,2022,Bulls-Bikes,Bulls Wildtail Street 26 Zoll trapez blau - 2022,new,ATB-Jugendraeder,1,Lieferzeit: von ausverkauft bis 3 6 Tage / im Laden vorr tig,"37 cm | 150 - 160 cm (Bulls)
41 cm | 160 - 170 cm (Bulls)
46 cm | ca. 170 - 180 cm (Bulls)",https://www.fahrrad-sale.de/Fahrrad/ATB-Jugendraeder/Kettenschaltung/Bulls-Wildtail-Street-26-Zoll-trapez-blau.html,"499,00","599,95"
220,fahrrad-sale,de,2022,Pegasus,Pegasus Avanti 3 weiß 20 Wave - 2022,new,Kinder-Fahrraeder,1,Lieferzeit: 3 6 Tage / im Laden vorr tig,20 Zoll | Körpergrösse 120 - 130 cm,https://www.fahrrad-sale.de/Fahrrad/Kinder-Fahrraeder/Kinderrad-20-/avanti-3-wave-weiss-20-r.html,"449,00","549,95"
221,fahrrad-sale,de,2022,Bulls-Bikes,Bulls Tokee 20 schwarz - 2022,new,Kinder-Fahrraeder,1,Lieferzeit: 3 6 Tage / im Laden vorr tig,20 Zoll | Körpergrösse 120 - 130 cm,https://www.fahrrad-sale.de/Fahrrad/Kinder-Fahrraeder/Kinderrad-20-/Bulls-Tokee-20-schwarz.html,"449,00","549,95"
222,fahrrad-sale,de,2022,Bulls-Bikes,Bulls Sharptail Street 2 27.5 blau - 2022,new,Mountainbikes,1,Lieferzeit: 3 6 Tage / im Laden vorr tig,"41 cm | 160 - 170 cm (Bulls)
46 cm | ca. 170 - 180 cm (Bulls)
51 cm | 180 - 190 cm (Bulls)
56 cm | ab 190 cm (Bulls)",https://www.fahrrad-sale.de/Fahrrad/Mountainbikes/27-5-Zoll/Bulls-Sharptail-Street-2-27-5-blau.html,"649,00","749,95"
223,fahrrad-sale,de,2021,Bulls-Bikes,Bulls Copperhead FSX 29 Rainbow- 2021,new,Mountainbikes,1,Lieferzeit: von ausverkauft bis 3 6 Tage / im Laden vorr tig,"44 cm | 169 - 179 cm (Bulls)
48 cm | 175 - 185 cm (Bulls)
51 cm | 180 - 190 cm (Bulls)",https://www.fahrrad-sale.de/Fahrrad/Mountainbikes/29er/Bulls--Copperhead-FSX-29-grau---2021.html,"2.049,00","2.599,00"
224,fahrrad-sale,de,2021,Bulls-Bikes,Bulls Crossbike Street trapez weiss - 2021,new,Crossbike,1,Lieferzeit: 3 6 Tage / im Laden vorr tig,"44 cm | Körpergrösse 150 -160 cm
48 cm | Körpergrösse 160 - 170 cm
54 cm | Körpergrösse 170 - 180 cm",https://www.fahrrad-sale.de/Fahrrad/Crossbike/Damen-30/crossbike-street-trapez-weiss-2019.html,"649,95","799,95"
225,fahrrad-sale,de,2020,Pegasus,Pegasus Solero SL Disc 24 Wave schwarz - 2020,new,Trekking,1,Lieferzeit: ausverkauft,"45 cm | Körpergrösse 150 - 160 cm
50 cm | Körpergrösse 160 - 170 cm
55 cm | Körpergrösse 175 - 185 cm",https://www.fahrrad-sale.de/Fahrrad/Trekking/Damen/Pegasus-Solero-SL-Disc-Wave-schwarz-2020.html,"749,95","899,95"
226,fahrrad-sale,de,2023,Bulls-Bikes,Bulls Sharptail Street 1 26 Trapez ice blue. 2023,new,ATB-Jugendraeder,1,Lieferzeit: ausverkauft,Körpergröße: 150-165 cm (XS = 37cm),https://www.fahrrad-sale.de/Fahrrad/ATB-Jugendraeder/Kettenschaltung/bulls-sharptail-street-1-26-trapez-ice-blue-2023.html,"599,00","699,95"
227,fahrrad-sale,de,2022,Bulls-Bikes,"Bulls Sharptail Street 1 27,5 Herren schwarz - 2022",new,Mountainbikes,1,Lieferzeit: 3 6 Tage / im Laden vorr tig,"37 cm | 150 - 160 cm (Bulls)
41 cm | 160 - 170 cm (Bulls)
46 cm | ca. 170 - 180 cm (Bulls)
51 cm | 180 - 190 cm (Bulls)
56 cm | ab 190 cm (Bulls)",https://www.fahrrad-sale.de/Fahrrad/Mountainbikes/27-5-Zoll/Bulls-Sharptail-Street-1-27-5-Herren-schwarz.html,"549,00","649,95"
228,fahrrad-sale,de,2022,Bulls-Bikes,Bulls Crossbike Street trapez . 2022,new,Crossbike,1,Lieferzeit: 3 6 Tage / im Laden vorr tig,"44 cm | Körpergrösse 150 -160 cm
48 cm | Körpergrösse 160 - 170 cm
54 cm | Körpergrösse 170 - 180 cm",https://www.fahrrad-sale.de/Fahrrad/Crossbike/Damen-30/crossbike-street-28-trapez44-schwarz-24k.html,"749,00","849,95"
229,fahrrad-sale,de,2021,KTM,KTM Veneto Light Disc Wave schwarz - 2021,new,Trekking,1,Lieferzeit: von ausverkauft bis 3 6 Tage / im Laden vorr tig,"46 cm | Körpergrösse 155 - 169 cm (Trekking)
51 cm | Körpergrösse 170 - 179 cm (Trekking)",https://www.fahrrad-sale.de/Fahrrad/Trekking/Damen/ktm-veneto-light-disc-wave-schwarz-2021.html,"1.149,00","1.249,00"
230,fahrrad-sale,de,2022,Bulls-Bikes,"Bulls Sharptail Street 1 27,5 Herren blau - 2022",new,Mountainbikes,1,Lieferzeit: 3 6 Tage / im Laden vorr tig,"37 cm | 150 - 160 cm (Bulls)
41 cm | 160 - 170 cm (Bulls)
46 cm | ca. 170 - 180 cm (Bulls)
51 cm | 180 - 190 cm (Bulls)
56 cm | ab 190 cm (Bulls)",https://www.fahrrad-sale.de/Fahrrad/Mountainbikes/27-5-Zoll/Bulls-Sharptail-Street-1-27-5-Herren-blau.html,"549,00","649,95"
231,fahrrad-sale,de,2022,Bulls-Bikes,Bulls Aminga 1 weiss - 2022,new,Mountainbikes,1,Lieferzeit: von ausverkauft bis 3 6 Tage / im Laden vorr tig,"37 cm | 150 - 160 cm (Bulls)
41 cm | 160 - 170 cm (Bulls)
46 cm | ca. 170 - 180 cm (Bulls)
51 cm | 180 - 190 cm (Bulls)",https://www.fahrrad-sale.de/Fahrrad/Mountainbikes/Damen-39/Bulls-Aminga-1-weiss.html,"879,00","979,95"
232,fahrrad-sale,de,2023,Bulls-Bikes,"Bulls Sharptail Street 1 27,5 schwarz . 2023",new,ATB-Jugendraeder,1,Lieferzeit: ausverkauft,"Körpergröße: 160-175 cm (S)
Körpergröße: 170-185 cm (M)
Körpergröße: 180-195 cm (L)",https://www.fahrrad-sale.de/Fahrrad/ATB-Jugendraeder/Kettenschaltung/bulls-sharptail-street-1-27-5-schwarz-2023.html,"599,00","699,95"
233,fahrrad-sale,de,2022,Bulls-Bikes,Bulls Copperhead 2 27.5 rot - 2022,new,Mountainbikes,1,Lieferzeit: ausverkauft,"41 cm | 160 - 170 cm (Bulls)
46 cm | ca. 170 - 180 cm (Bulls)
51 cm | 180 - 190 cm (Bulls)
56 cm | ab 190 cm (Bulls)",https://www.fahrrad-sale.de/Fahrrad/Mountainbikes/27-5-Zoll/Bulls-Copperhead-2-27-5-rot.html,"979,00","1.079,00"
234,fahrrad-sale,de,2022,Bulls-Bikes,"Bulls Sharptail 2 Disc 27.5"" schwarz - 2022",new,Mountainbikes,1,Lieferzeit: von ausverkauft bis 3 6 Tage / im Laden vorr tig,"41 cm | 160 - 170 cm (Bulls)
46 cm | ca. 170 - 180 cm (Bulls)
51 cm | 180 - 190 cm (Bulls)
56 cm | ab 190 cm (Bulls)",https://www.fahrrad-sale.de/Fahrrad/Mountainbikes/27-5-Zoll/Bulls-Sharptail-2-Disc-schwarz.html,"699,00","799,95"
235,fahrrad-sale,de,2022,Bulls-Bikes,Bulls Sharptail Street 3 27.5 silber - 2022,new,Mountainbikes,1,Lieferzeit: von ausverkauft bis 3 6 Tage / im Laden vorr tig,"41 cm | 160 - 170 cm (Bulls)
46 cm | ca. 170 - 180 cm (Bulls)
51 cm | 180 - 190 cm (Bulls)
56 cm | ab 190 cm (Bulls)",https://www.fahrrad-sale.de/Fahrrad/Mountainbikes/27-5-Zoll/Bulls-Sharptail-Street-3-27-5-silber.html,"749,00","849,95"
236,fahrrad-sale,de,2022,Bulls-Bikes,Bulls Copperhead 2 29 rot - 2022,new,Mountainbikes,1,Lieferzeit: ausverkauft,"41 cm | 160 - 170 cm (Bulls)
46 cm | ca. 170 - 180 cm (Bulls)
51 cm | 180 - 190 cm (Bulls)
56 cm | ab 190 cm (Bulls)
61 cm | ab 200 cm (Bulls)",https://www.fahrrad-sale.de/Fahrrad/Mountainbikes/29er/Bulls-Copperhead-2-29-rot.html,"979,00","1.079,00"
237,fahrrad-sale,de,2022,Bulls-Bikes,"Bulls Copperhead 1 27,5 emerald grün - 2022",new,Mountainbikes,1,Lieferzeit: ausverkauft,"41 cm | 160 - 170 cm (Bulls)
46 cm | ca. 170 - 180 cm (Bulls)
51 cm | 180 - 190 cm (Bulls)
56 cm | ab 190 cm (Bulls)",https://www.fahrrad-sale.de/Fahrrad/Mountainbikes/27-5-Zoll/bulls-copperhead-1-27-5-emerald-gr.html,"879,00","979,95"
238,fahrrad-sale,de,2022,Bulls-Bikes,Bulls Copperhead 3 29 schwarz matt - 2022,new,Mountainbikes,1,Lieferzeit: ausverkauft,"41 cm | 160 - 170 cm (Bulls)
46 cm | ca. 170 - 180 cm (Bulls)
51 cm | 180 - 190 cm (Bulls)
56 cm | ab 190 cm (Bulls)
61 cm | ab 200 cm (Bulls)",https://www.fahrrad-sale.de/Fahrrad/Mountainbikes/29er/bulls-copperhead-3-29-schwarz-matt-2022.html,"1.199,00","1.399,00"
239,fahrrad-sale,de,2022,Bulls-Bikes,"Bulls Sharptail 2 Disc 29"" grün - 2022",new,Mountainbikes,1,Lieferzeit: von ausverkauft bis 3 6 Tage / im Laden vorr tig,"41 cm | 160 - 170 cm (Bulls)
46 cm | ca. 170 - 180 cm (Bulls)
51 cm | 180 - 190 cm (Bulls)
56 cm | ab 190 cm (Bulls)",https://www.fahrrad-sale.de/Fahrrad/Mountainbikes/29er/Bulls-Sharptail-2-Disc-29--gruen.html,"699,00","799,95"
240,fahrrad-sale,de,2022,Pegasus,"Pegasus Avanti 18 Damen 26"" weiss - 2022",new,ATB-Jugendraeder,1,Lieferzeit: von ausverkauft bis 3 6 Tage / im Laden vorr tig,"38 cm | ca. 138 - 145 cm
44 cm | ca. 145 - 153 cm
50 cm | ca. 150 - 158 cm",https://www.fahrrad-sale.de/Fahrrad/ATB-Jugendraeder/Kettenschaltung/Pegasus-Avanti-18-Damen-26--weiss.html,"449,00","549,95"
241,fahrrad-sale,de,2022,Bulls-Bikes,Bulls Copperhead 3 29 weiss - 2022,new,Mountainbikes,1,Lieferzeit: ausverkauft,"41 cm | 160 - 170 cm (Bulls)
46 cm | ca. 170 - 180 cm (Bulls)
51 cm | 180 - 190 cm (Bulls)
56 cm | ab 190 cm (Bulls)
61 cm | ab 200 cm (Bulls)",https://www.fahrrad-sale.de/Fahrrad/Mountainbikes/29er/Bulls-Copperhead-3-29-weiss.html,"1.199,00","1.399,00"
242,fahrrad-sale,de,2022,Bulls-Bikes,"Bulls Sharptail 2 Disc 29"" grau - 2022",new,Mountainbikes,1,Lieferzeit: von ausverkauft bis 3 6 Tage / im Laden vorr tig,"41 cm | 160 - 170 cm (Bulls)
46 cm | ca. 170 - 180 cm (Bulls)
51 cm | 180 - 190 cm (Bulls)
56 cm | ab 190 cm (Bulls)",https://www.fahrrad-sale.de/Fahrrad/Mountainbikes/29er/Bulls-Sharptail-2-Disc-29--grau.html,"699,00","799,95"
243,fahrrad-sale,de,2022,Bulls-Bikes,Bulls Tokee Street 24 3-Gang lila - 2022,new,Kinder-Fahrraeder,1,Lieferzeit: ausverkauft,24 Zoll | Körpergrösse 140 - 150 cm,https://www.fahrrad-sale.de/Fahrrad/Kinder-Fahrraeder/24-Zoll/Bulls-Tokee-Street-24-3-Gang-lila.html,"529,00","629,95"
244,fahrrad-sale,de,2022,Bulls-Bikes,Bulls Copperhead 1 27.5 schwarz - 2022,new,Mountainbikes,1,Lieferzeit: ausverkauft,"41 cm | 160 - 170 cm (Bulls)
46 cm | ca. 170 - 180 cm (Bulls)
51 cm | 180 - 190 cm (Bulls)
56 cm | ab 190 cm (Bulls)",https://www.fahrrad-sale.de/Fahrrad/Mountainbikes/27-5-Zoll/Bulls-Copperhead-1-27-5-schwarz.html,"879,00","979,95"
245,fahrrad-sale,de,2022,Bulls-Bikes,Bulls Wildtail 1 Disc 29 emerald grün - 2022,new,Mountainbikes,1,Lieferzeit: von ausverkauft bis 3 6 Tage / im Laden vorr tig,"41 cm | 160 - 170 cm (Bulls)
46 cm | ca. 170 - 180 cm (Bulls)
51 cm | 180 - 190 cm (Bulls)
56 cm | ab 190 cm (Bulls)",https://www.fahrrad-sale.de/Fahrrad/Mountainbikes/29er/bulls-wildtail-1-disc-29-emerald-gruen-2022.html,"549,00","649,95"
246,fahrrad-sale,de,2022,Bulls-Bikes,Bulls Copperhead 1 29 schwarz - 2022,new,Mountainbikes,1,Lieferzeit: ausverkauft,"41 cm | 160 - 170 cm (Bulls)
46 cm | ca. 170 - 180 cm (Bulls)
51 cm | 180 - 190 cm (Bulls)
56 cm | ab 190 cm (Bulls)
61 cm | ab 200 cm (Bulls)",https://www.fahrrad-sale.de/Fahrrad/Mountainbikes/29er/Bulls-Copperhead-1-29-schwarz.html,"879,00","979,95"
247,fahrrad-sale,de,2022,Bulls-Bikes,Bulls Copperhead 1 29 emerald grün - 2022,new,Mountainbikes,1,Lieferzeit: ausverkauft,"41 cm | 160 - 170 cm (Bulls)
46 cm | ca. 170 - 180 cm (Bulls)
51 cm | 180 - 190 cm (Bulls)
56 cm | ab 190 cm (Bulls)
61 cm | ab 200 cm (Bulls)",https://www.fahrrad-sale.de/Fahrrad/Mountainbikes/29er/Bulls-Copperhead-1-29-emerald-gruen.html,"879,00","979,95"
248,fahrrad-sale,de,2022,Bulls-Bikes,Bulls Copperhead 3 S 29 schwarz - 2022,new,Mountainbikes,1,Lieferzeit: von ausverkauft bis 3 6 Tage / im Laden vorr tig,"41 cm | 160 - 170 cm (Bulls)
46 cm | ca. 170 - 180 cm (Bulls)
51 cm | 180 - 190 cm (Bulls)
56 cm | ab 190 cm (Bulls)
61 cm | ab 200 cm (Bulls)",https://www.fahrrad-sale.de/Fahrrad/Mountainbikes/29er/Bulls-Copperhead-3S-29-schwarz.html,"1.699,00","1.899,00"
249,fahrrad-sale,de,2022,Bulls-Bikes,Bulls Crosstail Herren schwarz - 2022,new,Crossbike,1,Lieferzeit: von ausverkauft bis 3 6 Tage / im Laden vorr tig,"44 cm | Körpergrösse 150 -160 cm
48 cm | Körpergrösse 160 - 170 cm
54 cm | Körpergrösse 170 - 180 cm
58 cm | Körpergrösse 180 - 190 cm
61 cm | Körpergrösse ab 190 cm",https://www.fahrrad-sale.de/Fahrrad/Crossbike/Herren-31/Bulls-Crosstail-Herren-schwarz.html,"879,95","979,95"
250,fahrrad-sale,de,2022,Bulls-Bikes,Bulls Wildcross Street Herren schwarz - 2022,new,Crossbike,1,Lieferzeit: von ausverkauft bis 3 6 Tage / im Laden vorr tig,"44 cm | Körpergrösse 150 -160 cm
48 cm | Körpergrösse 160 - 170 cm
54 cm | Körpergrösse 170 - 180 cm
58 cm | Körpergrösse 180 - 190 cm
61 cm | Körpergrösse ab 190 cm",https://www.fahrrad-sale.de/Fahrrad/Crossbike/Herren-31/Bulls-Wildcross-Street-Herren-schwarz.html,"649,95","749,95"
251,fahrrad-sale,de,2022,Bulls-Bikes,Bulls Wildcross Street Herren blau - 2022,new,Crossbike,1,Lieferzeit: von ausverkauft bis 3 6 Tage / im Laden vorr tig,"44 cm | Körpergrösse 150 -160 cm
48 cm | Körpergrösse 160 - 170 cm
54 cm | Körpergrösse 170 - 180 cm
58 cm | Körpergrösse 180 - 190 cm
61 cm | Körpergrösse ab 190 cm",https://www.fahrrad-sale.de/Fahrrad/Crossbike/Herren-31/Bulls-Wildcross-Street-Herren-blau.html,"649,95","749,95"
252,fahrrad-sale,de,2022,Bulls-Bikes,Bulls Street Flyer Herren schwarz - 2022,new,Crossbike,1,Lieferzeit: ausverkauft,"44 cm | Körpergrösse 150 -160 cm
48 cm | Körpergrösse 160 - 170 cm
54 cm | Körpergrösse 170 - 180 cm
58 cm | Körpergrösse 180 - 190 cm
61 cm | Körpergrösse ab 190 cm",https://www.fahrrad-sale.de/Fahrrad/Crossbike/Herren-31/Bulls-Street-Flyer-Herren-schwarz.html,"879,95","979,95"
253,fahrrad-sale,de,2022,Bulls-Bikes,Bulls Street Flyer trapez lila - 2022,new,Crossbike,1,Lieferzeit: von ausverkauft bis 3 6 Tage / im Laden vorr tig,"44 cm | Körpergrösse 150 -160 cm
48 cm | Körpergrösse 160 - 170 cm
54 cm | Körpergrösse 170 - 180 cm",https://www.fahrrad-sale.de/Fahrrad/Crossbike/Damen-30/Bulls-Street-Flyer-trapez-lila.html,"879,95","979,95"
254,fahrrad-sale,de,2022,Bulls-Bikes,Bulls Copperhead 2 29 schwarz - 2022,new,Mountainbikes,1,Lieferzeit: ausverkauft,"41 cm | 160 - 170 cm (Bulls)
46 cm | ca. 170 - 180 cm (Bulls)
51 cm | 180 - 190 cm (Bulls)
56 cm | ab 190 cm (Bulls)
61 cm | ab 200 cm (Bulls)",https://www.fahrrad-sale.de/Fahrrad/Mountainbikes/29er/Bulls-Copperhead-2-29-schwarz.html,"979,00","1.079,00"
255,fahrrad-sale,de,2022,Bulls-Bikes,Bulls Copperhead 2 27.5 grau - 2022,new,Mountainbikes,1,Lieferzeit: von ausverkauft bis 3 6 Tage / im Laden vorr tig,"41 cm | 160 - 170 cm (Bulls)
46 cm | ca. 170 - 180 cm (Bulls)
51 cm | 180 - 190 cm (Bulls)",https://www.fahrrad-sale.de/Fahrrad/Mountainbikes/27-5-Zoll/Bulls-Copperhead-2-27-5-grau.html,"979,00","1.079,00"
256,fahrrad-sale,de,2022,Bulls-Bikes,Bulls Copperhead 2 27.5 schwarz - 2022,new,Mountainbikes,1,Lieferzeit: ausverkauft,"41 cm | 160 - 170 cm (Bulls)
46 cm | ca. 170 - 180 cm (Bulls)
51 cm | 180 - 190 cm (Bulls)
56 cm | ab 190 cm (Bulls)",https://www.fahrrad-sale.de/Fahrrad/Mountainbikes/27-5-Zoll/Bulls-Copperhead-2-27-5-schwarz.html,"979,95","1.079,95"
