,shop_name,language,year,brand,modell,condition,category_shop,stock_status,stock_text,stock_sizes,url-detail,price,rrp
0,fit-store,de,2022,BMC,BMC Twostroke 01 ONE iri bru bru 2022,new,MTB Hardtail,1,"Lagernd, sofort lieferbar
Versandkostenfrei","RH-S | Lagernd, sofort lieferbar
RH-L | Zur Zeit nicht lieferbar
RH-M | Lagernd, sofort lieferbar
RH-XL | Lagernd, sofort lieferbar",https://www.fitstore24.com/de/bmc-twostroke-01-one-iri-bru-bru-2022,"4.999,00","5.499,00"
1,fit-store,de,2023,Scott,Scott Scale 910 2023,new,MTB Fully,1,"Lieferzeit: 10-15 Wochen
Versandkostenfrei","RH-L | 10-15 Wochen
RH-S | 5-9 Wochen
RH-M | 5-9 Wochen
RH-XL | 10-15 Wochen",https://www.fitstore24.com/de/scott-scale-910-2023,"3.999,00",
2,fit-store,de,2022,BH Bikes,BH Expert 5.0 red black 2022,new,MTB Hardtail,1,"Lagernd, sofort lieferbar
Versandkostenfrei","RH-S | Lagernd, sofort lieferbar
RH-XL | Zur Zeit nicht lieferbar
RH-M | Zur Zeit nicht lieferbar
RH-L | Zur Zeit nicht lieferbar",https://www.fitstore24.com/de/bh-expert-5-0-red-black-2022,"1.099,00","1.349,90"
3,fit-store,de,2022,Giant,Giant Talon 29 1-GE Black 2022,new,MTB Hardtail,1,"Lieferzeit: Zur Zeit nicht lieferbar
Versandkostenfrei","RH-L | Zur Zeit nicht lieferbar
RH-M | Zur Zeit nicht lieferbar
RH-XL | Zur Zeit nicht lieferbar",https://www.fitstore24.com/de/giant-talon-29-1-ge-black-2022,"949,00",
4,fit-store,de,,Raymon,Raymon SixRay 1.0 armor/magma matt RH 38 cm,new,MTB Hardtail,0,"Lagernd, sofort lieferbar
Versandkostenfrei",,https://www.fitstore24.com/de/raymon-sixray-1-0-armor-magma-matt-rh-38-cm,"429,00","529,00"
5,fit-store,de,,Santa Cruz,Santa Cruz Megatower 2 GX AXS Coil Matte Nickel 20...,new,MTB Fully,0,"Lieferzeit: 5-9 Wochen
Versandkostenfrei",,https://www.fitstore24.com/de/santa-cruz-megatower-2-gx-axs-coil-matte-nickel-20221,"7.999,00",
6,fit-store,de,2023,Scott,Scott Genius ST 900 Tuned 2023,new,MTB Fully,1,"Lieferzeit: 2-4 Wochen
Versandkostenfrei","RH-L | 2-4 Wochen
RH-M | 2-4 Wochen",https://www.fitstore24.com/de/scott-genius-st-900-tuned-2023,"10.999,00",
7,fit-store,de,2022,BMC,BMC Speedfox ONE ant gol gol 2022,new,MTB Fully,1,"Lagernd, sofort lieferbar
Versandkostenfrei","RH-S | Lagernd, sofort lieferbar
RH-M | Lagernd, sofort lieferbar
RH-L | Lagernd, sofort lieferbar
RH-XL | Lagernd, sofort lieferbar",https://www.fitstore24.com/de/bmc-speedfox-one-ant-gol-gol-2022,"3.399,00","3.999,00"
8,fit-store,de,2022,CUBE,Cube Flying Circus galactic´n´black 2022,new,MTB Hardtail,0,"Lagernd, sofort lieferbar
Versandkostenfrei",,https://www.fitstore24.com/de/cube-flying-circus-galacticnblack-2022,"999,00",
9,fit-store,de,2023,Scott,Scott Genius ST 920 2023,new,MTB Fully,1,"Lieferzeit: 10-15 Wochen
Versandkostenfrei","RH-L | 10-15 Wochen
RH-S | 10-15 Wochen
RH-M | 10-15 Wochen
RH-XL | 10-15 Wochen",https://www.fitstore24.com/de/scott-genius-st-920-2023,"4.999,00",
10,fit-store,de,2023,Focus,Focus Jam 8.9 bluegreen 2023,new,MTB Fully,1,"Lagernd, sofort lieferbar
Versandkostenfrei","RH-L | Lagernd, sofort lieferbar
RH-XL | Zur Zeit nicht lieferbar
RH-M | Zur Zeit nicht lieferbar
RH-S | Zur Zeit nicht lieferbar",https://www.fitstore24.com/de/focus-jam-8-9-bluegreen-2022,"4.799,00",
11,fit-store,de,2022,Scott,Scott Voltage YZ 0.1 Alloy/Black 2022,new,MTB Hardtail,0,"Lagernd, sofort lieferbar
Versandkostenfrei",,https://www.fitstore24.com/de/scott-voltage-yz-0-1-alloy-black-2022-rh-m,"1.399,00","1.599,00"
12,fit-store,de,2023,Scott,Scott Spark 900 Ultimate 2023,new,MTB Fully,1,"Lieferzeit: 7-10 Werktage
Versandkostenfrei","RH-M | Zur Zeit nicht lieferbar
RH-L | Zur Zeit nicht lieferbar",https://www.fitstore24.com/de/scott-spark-900-ultimate-2023,"13.999,00",
13,fit-store,de,2022,Santa Cruz,Santa Cruz Megatower 2 GX AXS Air Trans Blue 2022,new,MTB Fully,0,"Lieferzeit: 5-9 Wochen
Versandkostenfrei",,https://www.fitstore24.com/de/santa-cruz-megatower-2-gx-axs-air-trans-blue-2022,"7.999,00",
14,fit-store,de,,CUBE,Cube AMS ZERO99 C:68X Race 29 liquidred'n'carbon 2...,new,MTB Fully,1,"Lieferzeit: Zur Zeit nicht lieferbar
Versandkostenfrei","RH-S | Zur Zeit nicht lieferbar
RH-M | Zur Zeit nicht lieferbar",https://www.fitstore24.com/de/cube-ams-zero99-c68x-race-29-liquidredncarbon-2022,"4.199,00",
15,fit-store,de,2022,Scott,Scott Spark 920 White/Black 2022,new,MTB Fully,0,"Lagernd, sofort lieferbar
Versandkostenfrei",,https://www.fitstore24.com/de/scott-spark-920-white-black-2022,"3.999,00","4.699,00"
16,fit-store,de,2023,CUBE,Cube Aim Race olive´n´black 2023,new,MTB Hardtail,1,"Lagernd, sofort lieferbar
Versandkostenfrei","RH 14"" | Lagernd, sofort lieferbar
RH 20"" | Lagernd, sofort lieferbar
RH 24"" | Lagernd, sofort lieferbar
RH 22"" | Lagernd, sofort lieferbar",https://www.fitstore24.com/de/cube-aim-race-olivenblack-2023,"679,00",
17,fit-store,de,2023,Santa Cruz,Santa Cruz 5010 C R red 2023,new,MTB Fully,0,"Lieferzeit: Zur Zeit nicht lieferbar
Versandkostenfrei",,https://www.fitstore24.com/de/santa-cruz-5010-c-r-red-2023,"5.399,00",
18,fit-store,de,2023,Focus,Focus Whistler 3.9 diamondblack 2023,new,MTB Hardtail,1,"Lagernd, sofort lieferbar
Versandkostenfrei","RH-XL | Lagernd, sofort lieferbar
RH-S | 2-4 Wochen
RH-L | Lagernd, sofort lieferbar
RH-M | Zur Zeit nicht lieferbar
RH-XS | Zur Zeit nicht lieferbar",https://www.fitstore24.com/de/focus-whistler-3-9-diamondblack-2022,"1.034,00","1.149,00"
19,fit-store,de,2023,Focus,Focus Whistler 3.6 bluegreen 2023,new,MTB Hardtail,1,"Lagernd, sofort lieferbar
Versandkostenfrei","RH-XS | Zur Zeit nicht lieferbar
RH-L | Lagernd, sofort lieferbar
RH-M | Lagernd, sofort lieferbar
RH-S | Zur Zeit nicht lieferbar",https://www.fitstore24.com/de/focus-whistler-3-6-bluegreen-2023,"749,00",
20,fit-store,de,2022,Mondraker,Mondraker Chrono Carbon 29 SPE 2022,new,MTB Hardtail,1,"Lagernd, sofort lieferbar
Versandkostenfrei","RH-XL | Lagernd, sofort lieferbar
RH-S | Lagernd, sofort lieferbar",https://www.fitstore24.com/de/mondraker-chrono-carbon-29-2022,"1.899,00","2.199,00"
21,fit-store,de,2023,Mondraker,Mondraker Summum Carbon R MX 2023,new,MTB Fully,1,"Lieferzeit: 5-9 Wochen
Versandkostenfrei","RH-L | 5-9 Wochen
RH-M | 5-9 Wochen",https://www.fitstore24.com/de/mondraker-summum-carbon-r-mx-2023,"7.699,00",
22,fit-store,de,2023,CUBE,Cube Aim SLX white´n´blue´n´red 2023,new,MTB Hardtail,1,"Lagernd, sofort lieferbar
Versandkostenfrei","RH 18"" | Lagernd, sofort lieferbar
RH 20"" | Lagernd, sofort lieferbar
RH 16"" | Lagernd, sofort lieferbar
RH 14"" | Lagernd, sofort lieferbar
RH 22"" | Zur Zeit nicht lieferbar
RH 24"" | Zur Zeit nicht lieferbar",https://www.fitstore24.com/de/cube-aim-slx-whitenbluenred-2023,"799,00",
23,fit-store,de,2022,CUBE,Cube AMS ZERO99 C:68X SL 29 teamline 2022,new,MTB Fully,0,"Lieferzeit: 10-15 Wochen
Versandkostenfrei",,https://www.fitstore24.com/de/cube-ams-zero99-c68x-sl-29-teamline-2022,"5.199,00",
24,fit-store,de,2022,Scott,Scott Scale 960 Fire Orange 2022,new,MTB Hardtail,0,"Lagernd, sofort lieferbar
Versandkostenfrei",,https://www.fitstore24.com/de/scott-scale-960-fire-orange-dark-grey-2022,"1.699,00",
25,fit-store,de,2023,Scott,Scott Scale 930 blue 2023,new,MTB Hardtail,1,"Lieferzeit: 10-15 Wochen
Versandkostenfrei","RH-L | 10-15 Wochen
RH-M | 10-15 Wochen
RH-XL | Zur Zeit nicht lieferbar
RH-S | 10-15 Wochen",https://www.fitstore24.com/de/scott-scale-930-blue-2023,"2.499,00",
26,fit-store,de,2022,Focus,Focus Thron 6.9 green 2022,new,MTB Fully,1,"Lagernd, sofort lieferbar
Versandkostenfrei","RH-XL | Lagernd, sofort lieferbar
RH-L | Lagernd, sofort lieferbar
RH-M | Nicht lagernd, Lieferzeit auf Anfrage",https://www.fitstore24.com/de/focus-thron-6-9-green-2022,"2.399,00","2.999,00"
27,fit-store,de,2023,Santa Cruz,Santa Cruz Tallboy 5 C S blue 2023,new,MTB Fully,1,"Lagernd, sofort lieferbar
Versandkostenfrei","RH-M | 10-15 Wochen
RH-L | Lagernd, sofort lieferbar
RH-XL | Zur Zeit nicht lieferbar",https://www.fitstore24.com/de/santa-cruz-tallboy-s-blue-2023,"6.499,00",
28,fit-store,de,2022,Mondraker,Mondraker Podium Carbon R 29 2022,new,MTB Hardtail,0,"Lagernd, sofort lieferbar
Versandkostenfrei",,https://www.fitstore24.com/de/mondraker-podium-carbon-r-29-2022,"4.699,00","5.699,00"
29,fit-store,de,2022,Santa Cruz,Santa Cruz Megatower 2 C 29 S Blue 2022,new,MTB Fully,0,"Lieferzeit: 5-9 Wochen
Versandkostenfrei",,https://www.fitstore24.com/de/santa-cruz-megatower-2-c-29-s-blue-20221,"6.799,00",
30,fit-store,de,2022,CUBE,Cube Aim SL prismagrey'n'blue'n'red 2022,new,MTB Hardtail,0,"Lagernd, sofort lieferbar
Versandkostenfrei",,https://www.fitstore24.com/de/cube-aim-sl-prismagreynbluenred-2022,"599,00","749,00"
31,fit-store,de,2023,CUBE,Cube Aim mistygreen´n´black 2023,new,MTB Hardtail,1,"Lieferzeit: Zur Zeit nicht lieferbar
Versandkostenfrei","RH 18"" | Zur Zeit nicht lieferbar
RH 22"" | Zur Zeit nicht lieferbar
RH 20"" | Zur Zeit nicht lieferbar",https://www.fitstore24.com/de/cube-aim-mistygreennblack-2023,"599,00",
32,fit-store,de,2022,Scott,Scott Ransom 900 Tuned AXS White/Carbon 2022,new,MTB Fully,0,"Lieferzeit: 2-4 Wochen
Versandkostenfrei",,https://www.fitstore24.com/de/scott-ransom-900-tuned-axs-white-carbon-2022,"8.499,00","9.499,00"
33,fit-store,de,2022,Santa Cruz,Santa Cruz Tallboy 4 AL Flatte Earth R 2022,new,MTB Fully,0,"Lagernd, sofort lieferbar
Versandkostenfrei",,https://www.fitstore24.com/de/santa-cruz-tallboy-4-al-flatte-earth-r-2022,"3.899,00","4.299,00"
34,fit-store,de,2023,Santa Cruz,Santa Cruz 5010 C S nickel 2023,new,MTB Fully,1,"Lieferzeit: 2-4 Wochen
Versandkostenfrei","RH-L | 2-4 Wochen
RH-M | 2-4 Wochen",https://www.fitstore24.com/de/santa-cruz-5010-c-s-nickel-2023,"6.499,00",
35,fit-store,de,2023,Santa Cruz,Santa Cruz 5010 C S red 2023,new,MTB Fully,0,"Lieferzeit: Zur Zeit nicht lieferbar
Versandkostenfrei",,https://www.fitstore24.com/de/santa-cruz-5010-c-s-red-20231,"6.499,00",
36,fit-store,de,2022,Mondraker,Mondraker F-Podium Carbon DC SPE 2022,new,MTB Fully,1,"Lagernd, sofort lieferbar
Versandkostenfrei","RH-M | Lagernd, sofort lieferbar
RH-L | Lagernd, sofort lieferbar
RH-S | Lagernd, sofort lieferbar
RH-XL | Lagernd, sofort lieferbar",https://www.fitstore24.com/de/mondraker-f-podium-carbon-dc-2022,"4.249,00","4.999,00"
37,fit-store,de,2023,Scott,Scott Genius 930 2023,new,MTB Fully,1,"Lieferzeit: 5-9 Wochen
Versandkostenfrei","RH-L | 2-4 Wochen
RH-M | 5-9 Wochen",https://www.fitstore24.com/de/scott-genius-930-2023,"4.499,00",
38,fit-store,de,2023,CUBE,Cube Acid grey´n´pearlgrey 2023,new,MTB Hardtail,1,"Lagernd, sofort lieferbar
Versandkostenfrei","RH 20"" | Lagernd, sofort lieferbar
RH 22"" | Lagernd, sofort lieferbar
RH 24"" | Lagernd, sofort lieferbar",https://www.fitstore24.com/de/cube-acid-greynpearlgrey-2023,"1.199,00",
39,fit-store,de,2023,Scott,Scott Scale 950 2023,new,MTB Hardtail,1,"Lieferzeit: 10-15 Wochen
Versandkostenfrei","RH-L | 10-15 Wochen
RH-XXL | 10-15 Wochen
RH-M | 10-15 Wochen
RH-XL | 10-15 Wochen",https://www.fitstore24.com/de/scott-scale-950-2023,"2.199,00",
40,fit-store,de,2022,BMC,BMC Speedfox AL TWO grn blk wht 2022,new,MTB Fully,1,"Lieferzeit: 2-4 Wochen
Versandkostenfrei","RH-S | Zur Zeit nicht lieferbar
RH-L | Zur Zeit nicht lieferbar
RH-M | 2-4 Wochen",https://www.fitstore24.com/de/bmc-speedfox-al-two-grn-blk-wht-2022,"2.299,00",
41,fit-store,de,2022,Kross,"Kross Hexagon 7.0 29"" graphite black 2022",new,MTB Hardtail,1,"Lagernd, sofort lieferbar
Versandkostenfrei","RH-S | Lagernd, sofort lieferbar
RH-M | Lagernd, sofort lieferbar
RH-L | Zur Zeit nicht lieferbar
RH-XL | Lagernd, sofort lieferbar",https://www.fitstore24.com/de/kross-hexagon-7-0-29-graphite-black-2022,"599,00","719,00"
42,fit-store,de,2023,CUBE,Cube Access WS EAZ blush´n´sliver 2023,new,MTB Hardtail,0,"Lieferzeit: Zur Zeit nicht lieferbar
Versandkostenfrei",,https://www.fitstore24.com/de/cube-access-ws-eaz-blushnsliver-2023,"629,00",
43,fit-store,de,2023,Santa Cruz,Santa Cruz Hightower 3 S purple 2023,new,MTB Fully,0,"Lieferzeit: 5-9 Wochen
Versandkostenfrei",,https://www.fitstore24.com/de/santa-cruz-hightower-3-s-purple-2023,"9.199,00",
44,fit-store,de,2022,Mondraker,Mondraker Foxy 29 2022,new,MTB Fully,0,"Lagernd, sofort lieferbar
Versandkostenfrei",,https://www.fitstore24.com/de/mondraker-foxy-29-20221,"2.999,00","3.599,00"
45,fit-store,de,2023,CUBE,Cube Reaction Pro metalblack'n'black 2023,new,MTB Hardtail,1,"Lagernd, sofort lieferbar
Versandkostenfrei","RH 18"" | Lagernd, sofort lieferbar
RH 20"" | Zur Zeit nicht lieferbar
RH 16"" | Zur Zeit nicht lieferbar
RH 24"" | Zur Zeit nicht lieferbar
RH 22"" | Zur Zeit nicht lieferbar",https://www.fitstore24.com/de/cube-reaction-pro-metalblacknblack-2023,"1.399,00",
46,fit-store,de,,CUBE,Cube Stereo ONE22 HPC SLT 29 prizmsilver'n'grey 20...,new,MTB Fully,1,"Lieferzeit: 10-15 Wochen
Versandkostenfrei",RH-L | 10-15 Wochen,https://www.fitstore24.com/de/cube-stereo-120-hpc-slt-29-prizmsilverngrey-2023,"4.399,00",
47,fit-store,de,2022,Kross,"Kross Lea 2.0 26"" silber weiss pink 2022",new,MTB Hardtail,1,"Lagernd, sofort lieferbar
Versandkostenfrei","RH-XXS | Lagernd, sofort lieferbar
RH-XS | Lagernd, sofort lieferbar",https://www.fitstore24.com/de/kross-lea-2-0-26-silber-weiss-pink-2022,"399,00","479,00"
48,fit-store,de,2023,Santa Cruz,Santa Cruz 5010 C GX AXS nickel 2023,new,MTB Fully,0,"Lieferzeit: Zur Zeit nicht lieferbar
Versandkostenfrei",,https://www.fitstore24.com/de/santa-cruz-5010-c-gx-axs-nickel-2023,"7.899,00",
49,fit-store,de,2023,Mondraker,Mondraker Chrono Carbon 29 2023,new,MTB Hardtail,1,"Lieferzeit: 5-9 Wochen
Versandkostenfrei","RH-L | 5-9 Wochen
RH-M | 5-9 Wochen
RH-XL | 5-9 Wochen
RH-S | 5-9 Wochen",https://www.fitstore24.com/de/mondraker-chrono-carbon-29-2023,"2.399,00",
50,fit-store,de,2022,Mondraker,Mondraker Summum 29 SPE 2022,new,MTB Fully,1,"Lagernd, sofort lieferbar
Versandkostenfrei","RH-S | Lagernd, sofort lieferbar
RH-M | Lagernd, sofort lieferbar
RH-XL | Lagernd, sofort lieferbar
RH-L | Lagernd, sofort lieferbar",https://www.fitstore24.com/de/mondraker-summum-29-2022,"3.999,00",
51,fit-store,de,,CUBE,Cube Stereo 140 HPC SL 27.5 polarsilver'n'black 20...,new,MTB Fully,0,"Lagernd, sofort lieferbar
Versandkostenfrei",,https://www.fitstore24.com/de/cube-stereo-140-hpc-sl-27-5-polarsilvernblack-2022,"3.199,00",
52,fit-store,de,2023,CUBE,Cube TWO15 Pro 27.5 grey'n'black 2023,new,MTB Fully,1,"Lieferzeit: Zur Zeit nicht lieferbar
Versandkostenfrei","RH-L | Zur Zeit nicht lieferbar
RH-M | Zur Zeit nicht lieferbar
RH-XL | Zur Zeit nicht lieferbar",https://www.fitstore24.com/de/cube-two15-pro-27-5-greynblack-2023,"2.999,00",
53,fit-store,de,2022,Kross,"Kross Lea 2.0 27,5"" silver white 2022",new,MTB Hardtail,1,"Lagernd, sofort lieferbar
Versandkostenfrei","RH-XS | Lagernd, sofort lieferbar
RH-S | Lagernd, sofort lieferbar",https://www.fitstore24.com/de/kross-lea-2-0-sr-27-5-silver-white-2022,"399,00","479,00"
54,fit-store,de,2023,Scott,Scott Ransom 930 2023,new,MTB Fully,1,"Lieferzeit: Zur Zeit nicht lieferbar
Versandkostenfrei","RH-L | 2-4 Wochen
RH-M | Zur Zeit nicht lieferbar
RH-XL | Zur Zeit nicht lieferbar",https://www.fitstore24.com/de/scott-ransom-930-2023,"3.999,00",
55,fit-store,de,2023,Scott,Scott Gambler 920 2023,new,MTB Fully,1,"Lieferzeit: 5-9 Wochen
Versandkostenfrei","RH-M | 5-9 Wochen
RH-L | 5-9 Wochen
RH-XL | 5-9 Wochen",https://www.fitstore24.com/de/schwinn-ergometer-527u,"4.999,00",
56,fit-store,de,2022,Mondraker,Mondraker Summum MX 29 2022,new,MTB Fully,0,"Lagernd, sofort lieferbar
Versandkostenfrei",,https://www.fitstore24.com/de/mondraker-summum-mx-29-2022,"3.999,00",
57,fit-store,de,2022,CUBE,Cube Access WS black'n'blue 2022,new,MTB Hardtail,0,"Lagernd, sofort lieferbar
Versandkostenfrei",,https://www.fitstore24.com/de/cube-access-ws-blacknblue-2022,"448,00","549,00"
58,fit-store,de,,CUBE,Cube Elite C:62 SLX Rookie carbon´n´blue´n´red 202...,new,MTB Hardtail,1,"Lieferzeit: Zur Zeit nicht lieferbar
Versandkostenfrei","RH 13,5"" | Zur Zeit nicht lieferbar
RH 15"" | Zur Zeit nicht lieferbar",https://www.fitstore24.com/de/cube-elite-c62-slx-rookie-carbonnbluenred-2023,"1.799,00",
59,fit-store,de,2022,Kross,"Kross Lea 2.0 27.5"" silber weiss pink 2022",new,MTB Hardtail,1,"Lagernd, sofort lieferbar
Versandkostenfrei","RH-S | Lagernd, sofort lieferbar
RH-XS | Nicht lagernd, Lieferzeit auf Anfrage",https://www.fitstore24.com/de/kross-lea-2-0-silber-weiss-pink-2020,"399,00","479,00"
60,fit-store,de,2023,Scott,Scott Scale RC Team Issue 2023,new,MTB Fully,1,"Lieferzeit: 10-15 Wochen
Versandkostenfrei","RH-L | 10-15 Wochen
RH-S | 10-15 Wochen
RH-M | 10-15 Wochen",https://www.fitstore24.com/de/scott-scale-rc-team-issue-2023,"4.799,00",
61,fit-store,de,2023,Mondraker,Mondraker Chrono 29 gray/black 2023,new,MTB Hardtail,1,"Lieferzeit: 5-9 Wochen
Versandkostenfrei","RH-S | 5-9 Wochen
RH-M | 5-9 Wochen
RH-XL | 5-9 Wochen
RH-L | 5-9 Wochen",https://www.fitstore24.com/de/mondraker-chrono-29-gray-black-2023,"1.499,00",
62,fit-store,de,2022,Mondraker,Mondraker Summum Carbon R MX 2022,new,MTB Fully,0,"Lagernd, sofort lieferbar
Versandkostenfrei",,https://www.fitstore24.com/de/mondraker-summum-carbon-r-mx-2022,"5.999,00","7.199,00"
63,fit-store,de,2022,Kross,"Kross Lea 3.0 26"" purple pink orange 2022",new,MTB Hardtail,1,"Lagernd, sofort lieferbar
Versandkostenfrei","RH-XXS | Lagernd, sofort lieferbar
RH-XS | Lagernd, sofort lieferbar",https://www.fitstore24.com/de/kross-lea-3-0-26-purple-pink-orange-2022,"419,00","499,00"
64,fit-store,de,2023,Giant,Giant Reign SX 2023,new,MTB Fully,1,"Lieferzeit: Zur Zeit nicht lieferbar
Versandkostenfrei","RH-L | Zur Zeit nicht lieferbar
RH-M | Zur Zeit nicht lieferbar",https://www.fitstore24.com/de/giant-reign-sx-2023,"4.699,00",
65,fit-store,de,,CUBE,Cube AMS ONE11 C:68X Pro 29 flashwhite'n'carbon 20...,new,MTB Fully,1,"Lieferzeit: Zur Zeit nicht lieferbar
Versandkostenfrei","RH-S | 10-15 Wochen
RH-L | 10-15 Wochen
RH-XL | Zur Zeit nicht lieferbar
RH-M | Zur Zeit nicht lieferbar",https://www.fitstore24.com/de/cube-ams-one11-c68x-pro-29-flashwhitencarbon-2022,"3.399,00",
66,fit-store,de,2023,CUBE,Cube Aim Pro shiftverde´n´black 2023,new,MTB Hardtail,1,"Lagernd, sofort lieferbar
Versandkostenfrei","RH 18"" | Lagernd, sofort lieferbar
RH 22"" | Lagernd, sofort lieferbar
RH 14"" | Zur Zeit nicht lieferbar
RH 16"" | Zur Zeit nicht lieferbar
RH 24"" | Zur Zeit nicht lieferbar
RH 20"" | Zur Zeit nicht lieferbar",https://www.fitstore24.com/de/cube-aim-pro-shiftverdenblack-2023,"629,00",
67,fit-store,de,2023,Mondraker,Mondraker Summum Carbon R 29 2023,new,MTB Fully,1,"Lieferzeit: 5-9 Wochen
Versandkostenfrei","RH-M | 5-9 Wochen
RH-L | 5-9 Wochen",https://www.fitstore24.com/de/mondraker-summum-carbon-r-29-2023,"7.699,00",
68,fit-store,de,2022,Mondraker,Mondraker Summum Carbon RR 29 2022,new,MTB Fully,1,"Lagernd, sofort lieferbar
Versandkostenfrei","RH-S | Lagernd, sofort lieferbar
RH-L | Zur Zeit nicht lieferbar",https://www.fitstore24.com/de/mondraker-summum-carbon-rr-29,"7.999,00","9.799,00"
69,fit-store,de,2023,Kross,Kross Earth 3.0 green black 2023,new,MTB Fully,1,"Lieferzeit: Zur Zeit nicht lieferbar
Versandkostenfrei","RH-L | Zur Zeit nicht lieferbar
RH-M | Zur Zeit nicht lieferbar
RH-XL | Zur Zeit nicht lieferbar
RH-S | Zur Zeit nicht lieferbar",https://www.fitstore24.com/de/kross-earth-3-0-green-black-20231,"4.799,00",
70,fit-store,de,2022,CUBE,Cube Access WS C:62 Pro grey´n´galactic 2022,new,MTB Hardtail,1,"Lagernd, sofort lieferbar
Versandkostenfrei","RH 17"" | 10-15 Wochen
RH 19"" | Zur Zeit nicht lieferbar",https://www.fitstore24.com/de/cube-access-ws-c62-pro-greyngalactic-2022,"1.599,00","1.899,00"
71,fit-store,de,2022,Kross,"Kross Lea 3.0 SR 26"" purple pink orange 2022",new,MTB Hardtail,0,"Lagernd, sofort lieferbar
Versandkostenfrei",,https://www.fitstore24.com/de/kross-lea-3-0-sr-26-purple-pink-orange-2022,"419,00","499,00"
72,fit-store,de,2022,CUBE,Cube AMS ONE11 C:68X TM 29 flashgrey'n'olive 2022,new,MTB Fully,0,"Lieferzeit: 10-15 Wochen
Versandkostenfrei",,https://www.fitstore24.com/de/cube-ams-one11-c68x-tm-29-flashgreynolive-2022,"4.699,00",
73,fit-store,de,2022,Santa Cruz,Santa Cruz Megatower 2 CC X01 (Coil) Blue 2022,new,MTB Fully,0,"Lieferzeit: 5-9 Wochen
Versandkostenfrei",,https://www.fitstore24.com/de/santa-cruz-megatower-2-cc-x01-coil-blue-20221,"9.199,00",
74,fit-store,de,2022,Drag Bicycles,Drag Icosa Nona 7.0 XT-12 black white 2022,new,MTB Hardtail,1,"Lagernd, sofort lieferbar
Versandkostenfrei","RH-S | Lagernd, sofort lieferbar
RH-XL | Lagernd, sofort lieferbar
RH-M | Lagernd, sofort lieferbar
RH-L | Lagernd, sofort lieferbar",https://www.fitstore24.com/de/drag-icosa-nona-7-0-xt-12-black-white-2022,"3.199,00",
75,fit-store,de,2023,Kross,Kross Hexagon graphite lime 2023,new,MTB Hardtail,1,"Lieferzeit: Zur Zeit nicht lieferbar
Versandkostenfrei","RH-S | Zur Zeit nicht lieferbar
RH-M | Zur Zeit nicht lieferbar
RH-XS | Zur Zeit nicht lieferbar",https://www.fitstore24.com/de/kross-hexagon-graphite-lime-2023,"399,00",
76,fit-store,de,2023,CUBE,Cube Aim SLX Allroad petrol´n´black 2023,new,MTB Hardtail,1,"Lagernd, sofort lieferbar
Versandkostenfrei","RH 14"" | Lagernd, sofort lieferbar
RH 18"" | Lagernd, sofort lieferbar
RH 20"" | Lagernd, sofort lieferbar
RH 24"" | Lagernd, sofort lieferbar",https://www.fitstore24.com/de/cube-aim-slx-allroad-petrolnblack-2023,"799,00","899,00"
77,fit-store,de,2022,Kross,"Kross Lea 6.0 27,5"" black pink 2022",new,MTB Hardtail,0,"Lagernd, sofort lieferbar
Versandkostenfrei",,https://www.fitstore24.com/de/kross-lea-6-0-27-5-black-pink-2022,"599,00","719,00"
78,fit-store,de,2022,Mondraker,Mondraker F-Podium Carbon R 2022,new,MTB Fully,1,"Lagernd, sofort lieferbar
Versandkostenfrei","RH-L | Lagernd, sofort lieferbar
RH-M | Lagernd, sofort lieferbar",https://www.fitstore24.com/de/mondraker-f-podium-carbon-r-2022,"6.799,00",
79,fit-store,de,,Santa Cruz,Santa Cruz Megatower 2 X01 AXS (Coil) RSV Matte Ni...,new,MTB Fully,0,"Lieferzeit: 5-9 Wochen
Versandkostenfrei",,https://www.fitstore24.com/de/santa-cruz-megatower-2-x01-axs-coil-rsv-matte-nickel-20221,"11.799,00",
80,fit-store,de,2022,CUBE,Cube Analog flashlime'n'black 2022,new,MTB Hardtail,0,"Lieferzeit: Zur Zeit nicht lieferbar
Versandkostenfrei",,https://www.fitstore24.com/de/cube-analog-flashlimenblack-2022,"699,00","849,00"
81,fit-store,de,2023,Kross,Kross Hexagon 5.0 27.5 black lime 2023,new,MTB Hardtail,1,"Lieferzeit: Zur Zeit nicht lieferbar
Versandkostenfrei","RH-S | Zur Zeit nicht lieferbar
RH-XS | Zur Zeit nicht lieferbar",https://www.fitstore24.com/de/kross-hexagon-5-0-27-5-black-lime-2023,"599,00",
82,fit-store,de,2022,CUBE,Cube Access WS deepviolet'n'purple 2022,new,MTB Hardtail,0,"Lagernd, sofort lieferbar
Versandkostenfrei",,https://www.fitstore24.com/de/cube-access-ws-deepvioletnpurple-2022,"448,00","549,00"
83,fit-store,de,,Kross,Kross Level 6.0 red silver,new,MTB Hardtail,1,"Lagernd, sofort lieferbar
Versandkostenfrei","RH XXL | Zur Zeit nicht lieferbar
RH-M | Lagernd, sofort lieferbar
RH-L | Zur Zeit nicht lieferbar
RH-XL | Zur Zeit nicht lieferbar",https://www.fitstore24.com/de/kross-level-6-0-red-silver-2022,"999,00","1.199,00"
84,fit-store,de,2022,Mondraker,Mondraker Summum Carbon R 29 (SPE) 2022,new,MTB Fully,1,"Lagernd, sofort lieferbar
Versandkostenfrei","RH-S | Lagernd, sofort lieferbar
RH-L | Nicht lagernd, Lieferzeit auf Anfrage
RH-M | Lagernd, sofort lieferbar
RH-XL | Lagernd, sofort lieferbar",https://www.fitstore24.com/de/mondraker-summum-carbon-r-29-2022,"5.999,00","7.199,00"
85,fit-store,de,2023,CUBE,Cube Elite C:68X SLT liquidblue´n´blue 2023,new,MTB Hardtail,1,"Lieferzeit: Zur Zeit nicht lieferbar
Versandkostenfrei","RH 18"" | Zur Zeit nicht lieferbar
RH 20"" | Zur Zeit nicht lieferbar",https://www.fitstore24.com/de/cube-elite-c68x-slt-liquidbluenblue-2023,"5.999,00",
86,fit-store,de,,Santa Cruz,Santa Cruz Megatower 2 XX1 AXS FS RSV Matte Nickel,new,MTB Fully,0,"Lieferzeit: 5-9 Wochen
Versandkostenfrei",,https://www.fitstore24.com/de/santa-cruz-megatower-2-xx1-axs-fs-rsv-matte-nickel,"13.999,00",
87,fit-store,de,2023,Santa Cruz,Santa Cruz Tallboy GX AXS taupe 2023,new,MTB Fully,1,"Lieferzeit: 10-15 Wochen
Versandkostenfrei","RH-L | 10-15 Wochen
RH-M | 10-15 Wochen",https://www.fitstore24.com/de/santa-cruz-tallboy-gx-axs-taupe-2023,"7.899,00",
88,fit-store,de,2023,CUBE,Cube Analog flashgrey´n´red 2023,new,MTB Hardtail,1,"Lagernd, sofort lieferbar
Versandkostenfrei","RH 20"" | Lagernd, sofort lieferbar
RH 22"" | Lagernd, sofort lieferbar
RH 24"" | Lagernd, sofort lieferbar
RH 18"" | Lagernd, sofort lieferbar",https://www.fitstore24.com/de/cube-analog-flashgreynred-2023,"899,00",
89,fit-store,de,2022,Mondraker,Mondraker Foxy Carbon RR 2022,new,MTB Fully,1,"Lagernd, sofort lieferbar
Versandkostenfrei","RH-S | Lagernd, sofort lieferbar
RH-XL | Lagernd, sofort lieferbar",https://www.fitstore24.com/de/mondraker-foxy-carbon-rr-2022,"5.799,00","6.799,00"
90,fit-store,de,2021,Kross,Kross Level TE 2021,new,MTB Hardtail,0,"Lagernd, sofort lieferbar
Versandkostenfrei",,https://www.fitstore24.com/de/kross-level-te-2021,"5.999,00","6.799,00"
91,fit-store,de,2023,Santa Cruz,Santa Cruz Nomad 6 C R carbon 2023,new,MTB Fully,0,"Lieferzeit: Zur Zeit nicht lieferbar
Versandkostenfrei",,https://www.fitstore24.com/de/santa-cruz-nomad-6-c-r-carbon-20231,"5.799,00",
92,fit-store,de,,CUBE,Cube AMS ZERO99 C:68X SLT 29 prizmsilver'n'carbon ...,new,MTB Fully,0,"Lieferzeit: Zur Zeit nicht lieferbar
Versandkostenfrei",,https://www.fitstore24.com/de/cube-ams-zero99-c68x-slt-29-prizmsilverncarbon-2022,"7.099,00",
93,fit-store,de,2022,Mondraker,Mondraker Raze Carbon RR 2022,new,MTB Fully,1,"Lagernd, sofort lieferbar
Versandkostenfrei","RH-S | Lagernd, sofort lieferbar
RH-M | 10-15 Wochen
RH-XL | Lagernd, sofort lieferbar",https://www.fitstore24.com/de/mondraker-raze-carbon-rr-2022,"6.399,00","7.399,00"
94,fit-store,de,2022,Kross,Kross Lea 1.0 white blue 2022,new,MTB Hardtail,1,"Lagernd, sofort lieferbar
Versandkostenfrei","RH-M | Lagernd, sofort lieferbar
RH-XS | Lagernd, sofort lieferbar
RH-XXS | Nicht lagernd, Lieferzeit auf Anfrage",https://www.fitstore24.com/de/kross-lea-1-0-sr-white-blue-2022,"379,00","449,00"
95,fit-store,de,2023,CUBE,Cube Access WS EXC eucalyptus´n´black 2023,new,MTB Hardtail,0,"Lagernd, sofort lieferbar
Versandkostenfrei",,https://www.fitstore24.com/de/cube-access-ws-exc-eucalyptusnblack-2023,"699,00",
96,fit-store,de,2023,Giant,Giant Reign Advanced Pro 2 2023,new,MTB Fully,0,"Lieferzeit: 5-9 Wochen
Versandkostenfrei",,https://www.fitstore24.com/de/giant-reign-advanced-pro-2-2023,"5.299,00",
97,fit-store,de,2023,Santa Cruz,Santa Cruz Tallboy 5 C GX AXS blue 2023,new,MTB Fully,0,"Lieferzeit: Zur Zeit nicht lieferbar
Versandkostenfrei",,https://www.fitstore24.com/de/santa-cruz-tallboy-5-c-gx-axs-blue-2023,"7.899,00",
98,fit-store,de,2022,CUBE,Cube Stereo 120 HPC TM 29 flashgrey'n'olive 2022,new,MTB Fully,0,"Lieferzeit: Zur Zeit nicht lieferbar
Versandkostenfrei",,https://www.fitstore24.com/de/cube-stereo-120-hpc-tm-29-flashgreynolive-2022,"2.999,00",
99,fit-store,de,2022,Raymon,Raymon HardRay Seven 4.0 spaceblue/black matt 2022,new,MTB Hardtail,1,"Lagernd, sofort lieferbar
Versandkostenfrei","RH 38 cm | Zur Zeit nicht lieferbar
RH 46 cm | Lagernd, sofort lieferbar
RH 42 cm | Zur Zeit nicht lieferbar",https://www.fitstore24.com/de/raymon-hardray-4-0-spaceblue-black-matt-2022,"799,00","879,00"
100,fit-store,de,2023,CUBE,Cube Analog flashlime´n´black 2023,new,MTB Hardtail,1,"Lagernd, sofort lieferbar
Versandkostenfrei","RH 14"" | Lagernd, sofort lieferbar
RH 22"" | Lagernd, sofort lieferbar
RH 20"" | Lagernd, sofort lieferbar
RH 18"" | Lagernd, sofort lieferbar
RH 24"" | Zur Zeit nicht lieferbar",https://www.fitstore24.com/de/cube-analog-flashlimenblack-2023,"899,00",
101,fit-store,de,2022,Kross,Kross Level 2.0 navyblue red 2022,new,MTB Hardtail,0,"Lagernd, sofort lieferbar
Versandkostenfrei",,https://www.fitstore24.com/de/kross-level-2-0-navyblue-red-2022,"649,00","759,00"
102,fit-store,de,2022,Kross,"Kross Hexagon 2.0 26"" graphite black yellow 2022",new,MTB Hardtail,0,"Lieferzeit: 5-9 Wochen
Versandkostenfrei",,https://www.fitstore24.com/de/kross-hexagon-2-0-26-graphite-black-yellow-2022,"479,00",
103,fit-store,de,2023,CUBE,Cube Attention fireorange'n'black 2023,new,MTB Hardtail,1,"Lieferzeit: Zur Zeit nicht lieferbar
Versandkostenfrei","RH 16"" | Zur Zeit nicht lieferbar
RH 18"" | Zur Zeit nicht lieferbar
RH 24"" | Zur Zeit nicht lieferbar
RH 20"" | Zur Zeit nicht lieferbar",https://www.fitstore24.com/de/cube-attention-fireorangenblack-20231,"999,00",
104,fit-store,de,2023,CUBE,Cube TWO15 HPC SLX 29 Swampgrey'n'black 2023,new,MTB Fully,1,"Lieferzeit: Zur Zeit nicht lieferbar
Versandkostenfrei","RH-M | Zur Zeit nicht lieferbar
RH-L | Zur Zeit nicht lieferbar
RH-XL | Zur Zeit nicht lieferbar",https://www.fitstore24.com/de/cube-two15-hpc-slx-29-swampgreynblack-2023,"3.999,00",
105,fit-store,de,,Giant,Giant Reign Advanced Pro 29 0 S Chrysocol,new,MTB Fully,0,"Lagernd, sofort lieferbar
Versandkostenfrei",,https://www.fitstore24.com/de/giant-reign-advanced-pro-29-0-s-chrysocol,"6.599,00","8.799,00"
106,fit-store,de,2023,CUBE,Cube Attention SLX sea´n´orange 2023,new,MTB Hardtail,1,"Lagernd, sofort lieferbar
Versandkostenfrei","RH 14"" | 2-4 Wochen
RH 24"" | Lagernd, sofort lieferbar
RH 18"" | Lagernd, sofort lieferbar
RH 22"" | Lagernd, sofort lieferbar
RH 20"" | Zur Zeit nicht lieferbar",https://www.fitstore24.com/de/cube-attention-slx-seanorange-2023,"1.099,00",
107,fit-store,de,,Kross,Kross Level 3.0 grau schwarz,new,MTB Hardtail,1,"Lagernd, sofort lieferbar
Versandkostenfrei","RH-XL | Zur Zeit nicht lieferbar
RH XXL | 10-15 Wochen
RH-S | Lagernd, sofort lieferbar
RH-L | Zur Zeit nicht lieferbar
RH-M | Lagernd, sofort lieferbar",https://www.fitstore24.com/de/kross-level-3-0-grau-schwarz-2022,"699,00","849,00"
108,fit-store,de,,Kross,Kross Lea 8.0 2021 RH-S,new,MTB Hardtail,0,"Lagernd, sofort lieferbar
Versandkostenfrei",,https://www.fitstore24.com/de/kross-lea-8-0-2021-rh-s,"699,00","999,00"
109,fit-store,de,2022,Giant,"Liv Tempt 1 29"" 2022",new,MTB Fully,1,"Lieferzeit: Zur Zeit nicht lieferbar
Versandkostenfrei","RH-M | Zur Zeit nicht lieferbar
RH-S | Zur Zeit nicht lieferbar",https://www.fitstore24.com/de/liv-tempt-1-29-2022,"999,00",
110,fit-store,de,2023,CUBE,Cube Stereo 120 Rookie actionteam 2023,new,MTB Fully,0,"Lieferzeit: Zur Zeit nicht lieferbar
Versandkostenfrei",,https://www.fitstore24.com/de/cube-stereo-120-rookie-actionteam-2023,"1.799,00",
111,fit-store,de,2022,Giant,"Giant Stance 1 29"" 2022",new,MTB Fully,1,"Lagernd, sofort lieferbar
Versandkostenfrei","RH-L | Lagernd, sofort lieferbar
RH-XL | Lagernd, sofort lieferbar
RH-S | Nicht lagernd, Lieferzeit auf Anfrage",https://www.fitstore24.com/de/giant-stance-1-29-2022,"1.889,00","2.499,00"
112,fit-store,de,2023,CUBE,Cube Acid metalolive´n´black 2023,new,MTB Hardtail,1,"Lagernd, sofort lieferbar
Versandkostenfrei","RH 14"" | Lagernd, sofort lieferbar
RH 18"" | Lagernd, sofort lieferbar
RH 20"" | Lagernd, sofort lieferbar
RH 24"" | Zur Zeit nicht lieferbar
RH 16"" | Lagernd, sofort lieferbar
RH 22"" | Lagernd, sofort lieferbar",https://www.fitstore24.com/de/cube-acid-metalolivenblack-2023,"1.199,00",
113,fit-store,de,,Kross,Kross Earth 3.0 black lime 2022 RH-M,new,MTB Fully,1,"Lagernd, sofort lieferbar
Versandkostenfrei","RH-S | Lagernd, sofort lieferbar
RH-M | Lagernd, sofort lieferbar
RH-XL | 10-15 Wochen",https://www.fitstore24.com/de/kross-earth-3-0-black-lime-2022-rh-m,"4.699,00",
114,fit-store,de,2021,Kross,Kross Earth 1.0 2021,new,MTB Fully,0,"Lagernd, sofort lieferbar
Versandkostenfrei",,https://www.fitstore24.com/de/kross-earth-1-0-2022,"1.499,00","1.949,00"
115,fit-store,de,2022,Giant,Giant Trance X 1 panther 2022,new,MTB Fully,1,"Lieferzeit: Zur Zeit nicht lieferbar
Versandkostenfrei","RH-L | Zur Zeit nicht lieferbar
RH-M | Zur Zeit nicht lieferbar",https://www.fitstore24.com/de/giant-trance-x-1-panther-2022,"3.999,00",
116,fit-store,de,2023,CUBE,Cube Elite C:62 ONE carbon´n´black 2023,new,MTB Hardtail,1,"Lieferzeit: Zur Zeit nicht lieferbar
Versandkostenfrei","RH 18"" | Zur Zeit nicht lieferbar
RH 20"" | Zur Zeit nicht lieferbar",https://www.fitstore24.com/de/cube-elite-c62-one-carbonnblack-2023,"2.899,00",
117,fit-store,de,2022,Giant,"Giant Reign 29"" 2022",new,MTB Fully,1,"Lagernd, sofort lieferbar
Versandkostenfrei","RH-S | Zur Zeit nicht lieferbar
RH-M | Lagernd, sofort lieferbar
RH-XL | 10-15 Wochen",https://www.fitstore24.com/de/giant-reign-29-2022,"2.499,00","3.299,00"
118,fit-store,de,2023,CUBE,Cube Access WS Pro galactic´n´black 2023,new,MTB Hardtail,1,"Lagernd, sofort lieferbar
Versandkostenfrei","RH 14"" | Zur Zeit nicht lieferbar
RH 18"" | Lagernd, sofort lieferbar
RH 16"" | Zur Zeit nicht lieferbar",https://www.fitstore24.com/de/cube-access-ws-pro-galacticnblack-2023,"799,00",
119,fit-store,de,,Mondraker,Mondraker Summum R 29 2022 - RH-XL,new,MTB Fully,0,"Lagernd, sofort lieferbar
Versandkostenfrei",,https://www.fitstore24.com/de/mondraker-summum-r-29-2022-rh-xl,"4.999,00","5.499,00"
120,fit-store,de,,Kross,"Kross Hexagon 6.0 29"" black grey",new,MTB Hardtail,1,"Lagernd, sofort lieferbar
Versandkostenfrei","RH-S | Nicht lagernd, Lieferzeit auf Anfrage
RH-M | Nicht lagernd, Lieferzeit auf Anfrage
RH-L | Nicht lagernd, Lieferzeit auf Anfrage
RH-XL | Zur Zeit nicht lieferbar",https://www.fitstore24.com/de/kross-hexagon-6-0-29-black-grey-2022,"649,00",
121,fit-store,de,2023,Giant,Giant Reign 1 2023,new,MTB Fully,1,"Lieferzeit: Zur Zeit nicht lieferbar
Versandkostenfrei","RH-M | Zur Zeit nicht lieferbar
RH-S | Zur Zeit nicht lieferbar
RH-L | Zur Zeit nicht lieferbar",https://www.fitstore24.com/de/giant-reign-1-2023,"4.499,00",
122,fit-store,de,2023,CUBE,Cube Elite C:68X SLX teamline 2023,new,MTB Hardtail,1,"Lieferzeit: Zur Zeit nicht lieferbar
Versandkostenfrei","RH 22"" | 5-9 Wochen
RH 18"" | 5-9 Wochen
RH 20"" | Zur Zeit nicht lieferbar",https://www.fitstore24.com/de/cube-elite-c68x-slx-teamline-2023,"4.999,00",
123,fit-store,de,2022,Giant,Giant Trance X 29 1 Chameleon Blue 2022,new,MTB Fully,1,"Lagernd, sofort lieferbar
Versandkostenfrei","RH-S | Lagernd, sofort lieferbar
RH-L | Lagernd, sofort lieferbar
RH-M | Lagernd, sofort lieferbar
RH-XL | Lagernd, sofort lieferbar",https://www.fitstore24.com/de/giant-trance-x-29-1-chameleon-blue-2022,"3.239,00","3.999,00"
124,fit-store,de,,Scott,Scott Scale RC Worldcup Green/Yellow 2022 RH-M,new,MTB Hardtail,0,"Lagernd, sofort lieferbar
Versandkostenfrei",,https://www.fitstore24.com/de/scott-scale-rc-worldcup-green-yellow-2022-rh-m,"5.299,00","5.999,00"
125,fit-store,de,2023,CUBE,Cube Aim Allroad navyblack´n´blue 2023,new,MTB Hardtail,1,"Lagernd, sofort lieferbar
Versandkostenfrei","RH 14"" | Lagernd, sofort lieferbar
RH 16"" | Lagernd, sofort lieferbar
RH 18"" | Zur Zeit nicht lieferbar
RH 20"" | Zur Zeit nicht lieferbar
RH 22"" | Zur Zeit nicht lieferbar",https://www.fitstore24.com/de/cube-aim-allroad-navyblacknblue-2023,"699,00",
126,fit-store,de,2023,Kross,Kross Earth 2.0 turquoise black 2023,new,MTB Fully,1,"Lieferzeit: 10-15 Wochen
Versandkostenfrei","RH-L | 10-15 Wochen
RH-M | 10-15 Wochen
RH-XL | 10-15 Wochen
RH-S | 10-15 Wochen",https://www.fitstore24.com/de/kross-earth-2-0-turquoise-black-20231,"2.499,00",
127,fit-store,de,,Kross,"Kross Hexagon 5.0 29"" red grey black",new,MTB Hardtail,1,"Lagernd, sofort lieferbar
Versandkostenfrei","RH-S | Nicht lagernd, Lieferzeit auf Anfrage
RH-M | Nicht lagernd, Lieferzeit auf Anfrage
RH-L | Zur Zeit nicht lieferbar
RH-XL | 10-15 Wochen",https://www.fitstore24.com/de/kross-hexagon-5-0-29-red-grey-black-2022,"599,00",
128,fit-store,de,2023,CUBE,Cube Stereo ONE77 Race 29 bondiblue'n'grey 2023,new,MTB Fully,1,"Lieferzeit: Zur Zeit nicht lieferbar
Versandkostenfrei","RH-L | Zur Zeit nicht lieferbar
RH-XXL | Zur Zeit nicht lieferbar",https://www.fitstore24.com/de/cube-stereo-one77-race-29-bondibluengrey-2023,"3.799,00",
129,fit-store,de,2022,Raymon,Raymon FullRay 120 4.0 armor/black 2022,new,MTB Fully,1,"Lieferzeit: 2-4 Wochen
Versandkostenfrei","RH 42 cm | 2-4 Wochen
RH 37 cm | Zur Zeit nicht lieferbar
RH 52 cm | 2-4 Wochen
RH 47 cm | 2-4 Wochen",https://www.fitstore24.com/de/raymon-fullray-120-4-0-armor-black-2022,"1.749,00","1.949,00"
130,fit-store,de,,Scott,Scott Genius 930 Black 2022 RH-M,new,MTB Fully,0,"Lagernd, sofort lieferbar
Versandkostenfrei",,https://www.fitstore24.com/de/scott-genius-930-black-gloss-black-2022-rh-m,"3.999,00",
131,fit-store,de,2023,CUBE,Cube Aim Race black´n´azure 2023,new,MTB Hardtail,1,"Lagernd, sofort lieferbar
Versandkostenfrei","RH 20"" | Lagernd, sofort lieferbar
RH 14"" | Lagernd, sofort lieferbar
RH 22"" | Lagernd, sofort lieferbar
RH 16"" | Lagernd, sofort lieferbar
RH 18"" | Lagernd, sofort lieferbar",https://www.fitstore24.com/de/cube-aim-race-blacknazure-2023,"679,00",
132,fit-store,de,2023,Kross,Kross Hexagon 5.0 29 black lime 2023,new,MTB Hardtail,1,"Lieferzeit: Zur Zeit nicht lieferbar
Versandkostenfrei","RH-M | Zur Zeit nicht lieferbar
RH-L | Zur Zeit nicht lieferbar
RH-XL | Zur Zeit nicht lieferbar
RH-S | Zur Zeit nicht lieferbar",https://www.fitstore24.com/de/kross-hexagon-5-0-29-black-lime-2023,"599,00",
133,fit-store,de,,Kross,Kross Lea 5.0 Graphite-Pink-Violet,new,MTB Hardtail,1,"Lagernd, sofort lieferbar
Versandkostenfrei","RH-XS | Zur Zeit nicht lieferbar
RH-XXS | Nicht lagernd, Lieferzeit auf Anfrage
RH-M | Lagernd, sofort lieferbar",https://www.fitstore24.com/de/kross-lea-5-0-27-5-graphite-pink-purple-20221,"499,00","629,00"
134,fit-store,de,2023,CUBE,Cube TWO15 HPC SLT 29 carbon'n'black 2023,new,MTB Fully,1,"Lieferzeit: Zur Zeit nicht lieferbar
Versandkostenfrei","RH-M | Zur Zeit nicht lieferbar
RH-XL | Zur Zeit nicht lieferbar
RH-L | Zur Zeit nicht lieferbar",https://www.fitstore24.com/de/cube-two15-hpc-slt-29-carbonnblack-2023,"5.999,00",
135,fit-store,de,2022,LIV,"Liv Pique 2 29"" 2022",new,MTB Fully,1,"Lagernd, sofort lieferbar
Versandkostenfrei","RH-XS | Lagernd, sofort lieferbar
RH-S | Lagernd, sofort lieferbar
RH-L | Lagernd, sofort lieferbar
RH-M | Lagernd, sofort lieferbar",https://www.fitstore24.com/de/liv-poque-2-29-2022,"2.399,00","2.699,00"
136,fit-store,de,,CUBE,"Cube Access WS airygeen´n´mint 2023 - RH 14""",new,MTB Hardtail,1,"Lagernd, sofort lieferbar
Versandkostenfrei","RH 16"" | 2-4 Wochen
RH 18"" | Zur Zeit nicht lieferbar",https://www.fitstore24.com/de/cube-access-ws-airygeennmint-2023-rh-14,"599,00",
137,fit-store,de,2023,CUBE,Cube Aim Race Allroad flashgrey´n´black 2023,new,MTB Hardtail,1,"Lagernd, sofort lieferbar
Versandkostenfrei","RH 20"" | Lagernd, sofort lieferbar
RH 22"" | Lagernd, sofort lieferbar
RH 24"" | Zur Zeit nicht lieferbar",https://www.fitstore24.com/de/cube-aim-race-allroad-flashgreynblack-2023,"779,00",
138,fit-store,de,2022,Kross,Kross Earth 2.0 2022,new,MTB Fully,0,"Lieferzeit: Zur Zeit nicht lieferbar
Versandkostenfrei",,https://www.fitstore24.com/de/kross-earth-2-0-2021,"2.449,00",
139,fit-store,de,2022,Kross,"Kross Lea 5.0 27,5"" graphite pink 2022",new,MTB Hardtail,1,"Lagernd, sofort lieferbar
Versandkostenfrei","RH-XXS | Lagernd, sofort lieferbar
RH-XS | 10-15 Wochen",https://www.fitstore24.com/de/kross-lea-5-0-sr-27-5-graphite-pink-2022,"499,00","599,00"
140,fit-store,de,2022,Focus,Focus Raven 8.7 rustred 2022,new,MTB Hardtail,1,"Lieferzeit: Zur Zeit nicht lieferbar
Versandkostenfrei","RH-S | Zur Zeit nicht lieferbar
RH-L | Zur Zeit nicht lieferbar
RH-M | Zur Zeit nicht lieferbar",https://www.fitstore24.com/de/focus-raven-8-7-rustred-2022,"2.599,00",
141,fit-store,de,2022,Giant,Giant XTC Advanced 3 2022,new,MTB Hardtail,1,"Lagernd, sofort lieferbar
Versandkostenfrei","RH-XL | Lagernd, sofort lieferbar
RH-M | 5-9 Wochen
RH-S | Lagernd, sofort lieferbar
RH-L | Lagernd, sofort lieferbar",https://www.fitstore24.com/de/giant-xtc-advanced-3-2022,"2.069,00","2.299,00"
142,fit-store,de,,Mondraker,Mondraker F-Podium Carbon R 2023 - RH-M,new,MTB Fully,1,"Lagernd, sofort lieferbar
Versandkostenfrei","RH-M | Lagernd, sofort lieferbar
RH-S | Zur Zeit nicht lieferbar
RH-XL | Zur Zeit nicht lieferbar",https://www.fitstore24.com/de/mondraker-f-podium-carbon-r-2023-rh-m,"7.499,00",
143,fit-store,de,2022,Kross,"Kross Lea 2.0 SR 26"" silver white 2022",new,MTB Hardtail,1,"Lieferzeit: 10-15 Wochen
Versandkostenfrei","RH-XXS | 5-9 Wochen
RH-XS | 10-15 Wochen",https://www.fitstore24.com/de/kross-lea-2-0-sr-26-silver-white-2022,"479,00",
144,fit-store,de,2023,CUBE,Cube Aim EX caramel´n´black 2023,new,MTB Hardtail,1,"Lagernd, sofort lieferbar
Versandkostenfrei","RH 14"" | Lagernd, sofort lieferbar
RH 18"" | Lagernd, sofort lieferbar
RH 24"" | Lagernd, sofort lieferbar
RH 16"" | Lagernd, sofort lieferbar
RH 20"" | Lagernd, sofort lieferbar
RH 22"" | Lagernd, sofort lieferbar",https://www.fitstore24.com/de/cube-aim-ex-caramelnblack-2023,"749,00",
145,fit-store,de,2022,Kross,Kross Lea 6.0 2022,new,MTB Hardtail,1,"Lagernd, sofort lieferbar
Versandkostenfrei","RH-XXS | Lagernd, sofort lieferbar
RH-XS | Lagernd, sofort lieferbar
RH-M | Lagernd, sofort lieferbar",https://www.fitstore24.com/de/kross-lea-6-0-sr-black-pink-2022,"599,00","719,00"
146,fit-store,de,2022,BH Bikes,BH Spike 3.0 silver black 2022,new,MTB Hardtail,1,"Lieferzeit: Zur Zeit nicht lieferbar
Versandkostenfrei","RH-S | Zur Zeit nicht lieferbar
RH-L | Zur Zeit nicht lieferbar
RH-XL | Zur Zeit nicht lieferbar
RH-M | Zur Zeit nicht lieferbar",https://www.fitstore24.com/de/bh-spike-3-0-29-deore-11v-raidon-silver-black-20221,"879,90",
147,fit-store,de,2022,LIV,"Liv Embolden 2 purple Ash 29"" 2022",new,MTB Fully,1,"Lagernd, sofort lieferbar
Versandkostenfrei","RH-M | Lagernd, sofort lieferbar
RH-L | Lagernd, sofort lieferbar
RH-S | Lagernd, sofort lieferbar",https://www.fitstore24.com/de/liv-embolden-2-purple-ash-29-2022,"1.999,00","2.199,00"
148,fit-store,de,,BMC,BMC Twostroke AL FOUR red grey grey 2023 - RH-L,new,MTB Hardtail,1,"Lagernd, sofort lieferbar
Versandkostenfrei","RH-L | Lagernd, sofort lieferbar
RH-S | Zur Zeit nicht lieferbar
RH-XL | Zur Zeit nicht lieferbar",https://www.fitstore24.com/de/bmc-twostroke-al-four-red-grey-grey-2023-rh-l,"1.599,00",
149,fit-store,de,,Kross,Kross Level 5.0 blue silver,new,MTB Hardtail,1,"Lieferzeit: Zur Zeit nicht lieferbar
Versandkostenfrei","RH-M | 10-15 Wochen
RH-L | Zur Zeit nicht lieferbar
RH-XL | Zur Zeit nicht lieferbar
RH-XXL | Zur Zeit nicht lieferbar",https://www.fitstore24.com/de/kross-level-5-0-blue-silver-2022,"1.099,00",
150,fit-store,de,2023,CUBE,Cube Attention SLX silvergrey´n´lime 2023,new,MTB Hardtail,1,"Lagernd, sofort lieferbar
Versandkostenfrei","RH 20"" | Lagernd, sofort lieferbar
RH 22"" | Lagernd, sofort lieferbar
RH 24"" | Zur Zeit nicht lieferbar
RH 16"" | Lagernd, sofort lieferbar
RH 18"" | Zur Zeit nicht lieferbar",https://www.fitstore24.com/de/cube-attention-slx-silvergreynlime-2023,"1.099,00",
151,fit-store,de,,Santa Cruz,Santa Cruz Megatower 2 XX1 Flight Attendant Ltd. M...,new,MTB Fully,1,"Lieferzeit: Zur Zeit nicht lieferbar
Versandkostenfrei","RH-S | Zur Zeit nicht lieferbar
RH-L | Zur Zeit nicht lieferbar",https://www.fitstore24.com/de/santa-cruz-megatower-2-xx1-flight-attendant-ltd-matte-nickel-2022,"13.999,00",
152,fit-store,de,2021,Kross,Kross Level 3.0 SR red white 2021,new,MTB Hardtail,0,"Lagernd, sofort lieferbar
Versandkostenfrei",,https://www.fitstore24.com/de/kross-level-3-0-red-white-2021,"599,00",
153,fit-store,de,2022,LIV,"Liv Tempt 2 29"" 2022",new,MTB Hardtail,1,"Lagernd, sofort lieferbar
Versandkostenfrei","RH-M | Lagernd, sofort lieferbar
RH-L | Lagernd, sofort lieferbar",https://www.fitstore24.com/de/liv-tempt-2-29-2022,"799,00","899,00"
154,fit-store,de,,BMC,BMC Twostroke 01 ONE prisma red 2023 - RH-M,new,MTB Hardtail,1,"Lagernd, sofort lieferbar
Versandkostenfrei","RH-M | Lagernd, sofort lieferbar
RH-S | 2-4 Wochen
RH-XL | Zur Zeit nicht lieferbar",https://www.fitstore24.com/de/bmc-twostroke-01-one-iri-bru-bru-2023-rh-m,"5.999,00",
155,fit-store,de,2023,Kross,Kross Hexagon black red grey 2023,new,MTB Hardtail,1,"Lieferzeit: Zur Zeit nicht lieferbar
Versandkostenfrei","RH-M | Zur Zeit nicht lieferbar
RH-XS | Zur Zeit nicht lieferbar
RH-S | Zur Zeit nicht lieferbar",https://www.fitstore24.com/de/kross-hexagon-black-red-grey-2023,"399,00",
156,fit-store,de,2023,CUBE,Cube Access WS darkpurple´n´pink 2023,new,MTB Hardtail,1,"Lagernd, sofort lieferbar
Versandkostenfrei","RH 14"" | Lagernd, sofort lieferbar
RH 16"" | Zur Zeit nicht lieferbar
RH 18"" | Zur Zeit nicht lieferbar
RH 20"" | Zur Zeit nicht lieferbar",https://www.fitstore24.com/de/cube-access-ws-darkpurplenpink-2023,"599,00",
157,fit-store,de,2023,CUBE,Cube Access WS Allroad reed´n´berry 2023,new,MTB Hardtail,1,"Lieferzeit: Zur Zeit nicht lieferbar
Versandkostenfrei","RH 14"" | Zur Zeit nicht lieferbar
RH 20"" | Zur Zeit nicht lieferbar
RH 18"" | Zur Zeit nicht lieferbar
RH 16"" | Zur Zeit nicht lieferbar",https://www.fitstore24.com/de/cube-access-ws-allroad-reednberry-2023,"699,00",
158,fit-store,de,,Kross,Kross Level 8.0 grey silver,new,MTB Hardtail,1,"Lagernd, sofort lieferbar
Versandkostenfrei","RH-M | Lagernd, sofort lieferbar
RH-L | Lagernd, sofort lieferbar
RH-XL | Lagernd, sofort lieferbar
RH-S | Zur Zeit nicht lieferbar",https://www.fitstore24.com/de/kross-level-8-0-grey-silver-2022,"1.499,00","1.699,00"
159,fit-store,de,2023,Kross,"Kross Hexagon 5.0 27,5"" red grey black 2023",new,MTB Hardtail,0,"Lieferzeit: Zur Zeit nicht lieferbar
Versandkostenfrei",,https://www.fitstore24.com/de/kross-hexagon-5-0-27-5-red-grey-black-2022,"599,00",
160,fit-store,de,2023,CUBE,Cube Access WS Race sparkgreen´n´olive 2023,new,MTB Hardtail,1,"Lagernd, sofort lieferbar
Versandkostenfrei","RH 16"" | Lagernd, sofort lieferbar
RH 18"" | Lagernd, sofort lieferbar
RH 20"" | Lagernd, sofort lieferbar",https://www.fitstore24.com/de/cube-access-ws-race-sparkgreennolive-2023,"999,00",
161,fit-store,de,2022,Raymon,Raymon HardRay Nine 3.0 black/petro met. 2022,new,MTB Hardtail,1,"Lieferzeit: 5-9 Wochen
Versandkostenfrei","RH 43 cm | Lagernd, sofort lieferbar
RH 48 cm | Lagernd, sofort lieferbar
RH 52 cm | 5-9 Wochen",https://www.fitstore24.com/de/hardray-3-0-black-petro-met-2022,"649,00","729,00"
162,fit-store,de,2022,LIV,"Liv Embolden 2 purple ash 27.5"" 2022",new,MTB Fully,0,"Lagernd, sofort lieferbar
Versandkostenfrei",,https://www.fitstore24.com/de/liv-embolden-2-purple-ash-2022,"1.999,00","2.199,00"
163,fit-store,de,2022,Kross,Kross Lea 1.0 weiss blau 2022,new,MTB Hardtail,1,"Lieferzeit: Zur Zeit nicht lieferbar
Versandkostenfrei","RH-XS | Zur Zeit nicht lieferbar
RH-XXS | Zur Zeit nicht lieferbar",https://www.fitstore24.com/de/kross-lea-1-0-weiss-blau,"449,00",
164,fit-store,de,2023,CUBE,Cube Stereo 120 Pro swampgrey'n'black 2023,new,MTB Fully,1,"Lagernd, sofort lieferbar
Versandkostenfrei","RH-S | Lagernd, sofort lieferbar
RH-M | Lagernd, sofort lieferbar",https://www.fitstore24.com/de/cube-stereo-120-pro-swampgreynblack-2023,"1.999,00",
165,fit-store,de,2022,CUBE,Cube Reaction C:62 ONE red´n´white 2022,new,MTB Hardtail,1,"Lieferzeit: 5-9 Wochen
Versandkostenfrei","RH 17"" | 10-15 Wochen
RH 19"" | 5-9 Wochen",https://www.fitstore24.com/de/cube-reaction-c62-one-rednwhite,"1.349,00","1.499,00"
166,fit-store,de,2022,Scott,Scott Scale 930 Wakame Green 2022,new,MTB Hardtail,0,"Lieferzeit: 2-4 Wochen
Versandkostenfrei",,https://www.fitstore24.com/de/scott-scale-930-wakame-green-chandon-beige-2022,"2.099,00",
167,fit-store,de,2023,Kross,"Kross Hexagon 6.0 27,5"" black grey 2023",new,MTB Hardtail,1,"Lieferzeit: Zur Zeit nicht lieferbar
Versandkostenfrei","RH-S | Zur Zeit nicht lieferbar
RH-XS | Zur Zeit nicht lieferbar",https://www.fitstore24.com/de/kross-hexagon-6-0-27-5-black-grey-2022,"649,00",
168,fit-store,de,2023,CUBE,Cube Stereo 120 Pro fireorange'n'black 2023,new,MTB Fully,1,"Lagernd, sofort lieferbar
Versandkostenfrei","RH-XS | Zur Zeit nicht lieferbar
RH-XL | Lagernd, sofort lieferbar",https://www.fitstore24.com/de/cube-stereo-120-pro-fireorangenblack-2023,"1.899,00","1.999,00"
169,fit-store,de,2022,Santa Cruz,Santa Cruz Jackal 4.1 AL Bacon 2022,new,MTB Hardtail,1,"Lieferzeit: 5-9 Wochen
Versandkostenfrei","RH-M | Lagernd, sofort lieferbar
RH-L | 5-9 Wochen",https://www.fitstore24.com/de/santa-cruz-jackal-4-1-al-bacon-2022,"999,00",
170,fit-store,de,2022,Kross,"Kross Lea 3.0 SR 27,5"" purple pink orange 2022",new,MTB Hardtail,0,"Lieferzeit: Zur Zeit nicht lieferbar
Versandkostenfrei",,https://www.fitstore24.com/de/kross-lea-3-0-sr-27-5-purple-pink-orange-20221,"499,00",
171,fit-store,de,2022,Giant,Giant Stance 2 gunmetal black 2022,new,MTB Fully,1,"Lagernd, sofort lieferbar
Versandkostenfrei","RH-L | Lagernd, sofort lieferbar
RH-XL | Lagernd, sofort lieferbar
RH-S | Lagernd, sofort lieferbar
RH-M | Lagernd, sofort lieferbar",https://www.fitstore24.com/de/giant-stance-2-gunmetal-black-2022,"1.799,00","2.199,00"
172,fit-store,de,2023,CUBE,Cube Stereo 120 HPC TM 29 flashgrey'n'olive 2023,new,MTB Fully,1,"Lagernd, sofort lieferbar
Versandkostenfrei","RH-M | Lagernd, sofort lieferbar
RH-XL | Lagernd, sofort lieferbar",https://www.fitstore24.com/de/cube-stereo-120-hpc-tm-29-flashgreynolive-2023,"3.199,00",
173,fit-store,de,2022,Santa Cruz,Santa Cruz V10 7.0 CC MX Oxblood DH S 2022,new,MTB Fully,0,"Lieferzeit: 5-9 Wochen
Versandkostenfrei",,https://www.fitstore24.com/de/santa-cruz-v10-7-0-cc-mx-oxblood-dh-2022,"7.199,00",
174,fit-store,de,2022,LIV,"Liv Tempt 2 27,5"" 2022",new,MTB Hardtail,1,"Lagernd, sofort lieferbar
Versandkostenfrei","RH-S | Lagernd, sofort lieferbar
RH-XS | Lagernd, sofort lieferbar",https://www.fitstore24.com/de/liv-tempt-2-27-5-2022,"799,00","899,00"
175,fit-store,de,2022,Focus,Focus Thron 6.8 grey 2022,new,MTB Fully,0,"Lagernd, sofort lieferbar
Versandkostenfrei",,https://www.fitstore24.com/de/focus-thron-6-8-grey-2022,"2.249,00","2.499,00"
176,fit-store,de,2022,Santa Cruz,Santa Cruz Hightower 2 AL Matte Melon D 2022,new,MTB Fully,1,"Lieferzeit: 5-9 Wochen
Versandkostenfrei","RH-XL | 5-9 Wochen
RH-M | 5-9 Wochen
RH-L | 5-9 Wochen",https://www.fitstore24.com/de/santa-cruz-hightower-2-al-matte-melon-d-2022,"3.999,00",
177,fit-store,de,2022,Scott,Scott Spark 940 Carbon/Silver 2022,new,MTB Fully,1,"Lagernd, sofort lieferbar
Versandkostenfrei","RH-L | Lagernd, sofort lieferbar
RH-M | Lagernd, sofort lieferbar
RH-S | Lagernd, sofort lieferbar",https://www.fitstore24.com/de/scott-spark-940-carbon-silver-2022,"3.799,00",
178,fit-store,de,2022,Focus,Focus Whistler 3.6 slategrey 2022,new,MTB Hardtail,1,"Lagernd, sofort lieferbar
Versandkostenfrei","RH-M | Lagernd, sofort lieferbar
RH-XS | Lagernd, sofort lieferbar
RH-S | Lagernd, sofort lieferbar",https://www.fitstore24.com/de/focus-whistler-3-6-slategrey-2022,"599,00","649,00"
